Symbol,Name,Last,Change,%Chg,Open,High,Low,Volume,Time
AAMI,"Acadian Asset Management Inc",50.97,-0.3,-0.59%,51.35,51.35,50.155,196300,2025-08-29
AAOI,"Applied Optoelect",24.2,-1.29,-5.06%,25.82,26.65,24.09,3700200,2025-08-29
AAP,"Advance Auto Parts Inc",60.99,0.47,+0.78%,60.88,61.44,60.25,1094900,2025-08-29
AARD,"Aardvark Therapeutics Inc",8.3,-0.19,-2.24%,8.46,8.48,8.2,50000,2025-08-29
AAT,"American Assets Trust",20.9,0.029999999999998,+0.14%,21.02,21.03,20.76,300400,2025-08-29
ABAT,"American Battery Technology Co.",2.47,-0.05,-1.98%,2.5,2.55,2.41,1779900,2025-08-29
ABCB,"Ameris Bancorp",73.28,-0.31,-0.42%,73.63,74,72.935,345800,2025-08-29
ABEO,"Abeona Therapeutics",6.83,-0.05,-0.73%,6.93,6.95,6.74,404700,2025-08-29
ABG,"Asbury Automotive Group Inc",251.54,-6.5,-2.52%,258.73,258.93,251.18,160900,2025-08-29
ABM,"ABM Industries Inc",49.17,0.11,+0.22%,49.15,49.43,48.71,407400,2025-08-29
ABR,"Arbor Realty Trust",11.94,0.12,+1.02%,11.75,11.94,11.7429,2157800,2025-08-29
ABSI,"Absci Corp",2.39,-0.08,-3.24%,2.47,2.5,2.37,3090300,2025-08-29
ABUS,"Arbutus Biopharma Corp",3.71,0.04,+1.09%,3.67,3.73,3.65,766900,2025-08-29
ACA,"Arcosa Inc",98.95,-0.21,-0.21%,99.43,99.5,97.845,296400,2025-08-29
ACAD,"Acadia Pharmaceutica",25.99,-0.24,-0.91%,26.19,26.3,25.82,1322600,2025-08-29
ACCO,"Acco Brands Corp",4.02,0.04,+1.01%,3.97,4.03,3.96,412800,2025-08-29
ACDC,"Profrac Holding Corp. Cl A",4,-0.23,-5.44%,4.19,4.21,3.93,1524100,2025-08-29
ACEL,"Accel Entertainment Inc",11.59,0.029999999999999,+0.26%,11.42,11.62,11.42,299300,2025-08-29
ACHR,"Archer Aviation Inc",8.95,-0.25,-2.72%,9.18,9.2285,8.86,21445100,2025-08-29
ACIC,"American Coastal Insurance Corp",11.05,0.18,+1.66%,10.89,11.09,10.83,214000,2025-08-29
ACIW,"Aci Worldwide Inc",49.35,0.15,+0.30%,49.29,49.42,48.88,789200,2025-08-29
ACLS,"Axcelis Tech Inc",80.04,-1.97,-2.40%,81.83,82.27,79.55,385700,2025-08-29
ACLX,"Arcellx Inc",69.39,-0.86,-1.22%,70.2,70.88,69,518700,2025-08-29
ACMR,"Acm Research Inc",28.22,-1.07,-3.65%,29.34,29.47,28.05,1177800,2025-08-29
ACNB,"Acnb Corp",45.32,-0.75,-1.63%,45.94,45.94,45.08,15100,2025-08-29
ACNT,"Ascent Industries Co.",12.22,0.28,+2.35%,11.93,12.34,11.93,31500,2025-08-29
ACR,"Acres Commercial Realty Corp",21,0.2,+0.96%,20.8105,21.02,20.8105,11800,2025-08-29
ACRE,"Ares Commercial Real Estate Cor",4.72,0.05,+1.07%,4.67,4.76,4.66,347000,2025-08-29
ACRS,"Aclaris Therapts",1.93,0.09,+4.89%,1.85,1.98,1.805,832800,2025-08-29
ACT,"Enact Holdings Inc",37.65,0.07,+0.19%,37.44,37.87,37.44,357500,2025-08-29
ACTG,"Acacia Res-Acacia",3.41,0.13,+3.96%,3.28,3.44,3.24,285100,2025-08-29
ACTU,"Actuate Therapeutics Inc",8.44,0.22,+2.68%,8.22,8.55,8.02,41000,2025-08-29
ACU,"Acme United Corp",43.02,0.13,+0.30%,43.17,43.17,42.5,3200,2025-08-29
ACVA,"Acv Auctions Inc Cl A",11.66,-0.03,-0.26%,11.75,11.9,11.581,3179600,2025-08-29
ADCT,"Adc Therapeutics Sa",3.07,-0.18,-5.54%,3.23,3.249,3.07,261900,2025-08-29
ADEA,"Adeia Inc",15.04,-0.44,-2.84%,15.48,15.55,14.98,679900,2025-08-29
ADMA,"Adma Biologics",17.26,-0.12,-0.69%,17.4,17.41,17.1,2528000,2025-08-29
ADNT,"Adient Plc",24.8,-0.28,-1.12%,25.12,25.215,24.55,760000,2025-08-29
ADPT,"Adaptive Biotechnologies Corp",13.18,-0.13,-0.98%,13.33,13.33,12.92,2423900,2025-08-29
ADTN,"Adtran Holdings Inc",9.38,-0.07,-0.74%,9.43,9.49,9.31,1258700,2025-08-29
ADUS,"Addus Homecare Corp",115.17,-0.15,-0.13%,115.63,115.63,114.61,72700,2025-08-29
ADV,"Advantage Solutions Inc",1.82,-0.02,-1.09%,1.85,1.88,1.81,218800,2025-08-29
AEBI,"Aebi Schmidt Holding Ag",12.29,0.13,+1.07%,12.12,12.36,11.72,426900,2025-08-29
AEHR,"Aehr Test Systems",24.95,-2.1,-7.76%,26.8,26.85,24.65,1763100,2025-08-29
AEIS,"Advanced Energy",149.68,-5.87,-3.77%,154.65,154.85,147.69,290700,2025-08-29
AEO,"American Eagle Outfitters",12.94,-0.23,-1.75%,13.3,13.345,12.84,6284800,2025-08-29
AESI,"Atlas Energy Solutions Inc Cl A",11.71,0.020000000000001,+0.17%,11.69,11.82,11.605,1157200,2025-08-29
AEVA,"Aeva Technologies Inc",14.81,-1.82,-10.97%,16.27,16.57,14.25,4032100,2025-08-29
AEYE,"Audioeye Inc",12.85,0.39,+3.13%,12.49,12.92,12.47,76700,2025-08-29
AFCG,"Advanced Flower Capital Inc",4.66,-0.08,-1.69%,4.75,4.95,4.58,323900,2025-08-29
AFRI,"Forafric Global Plc",8.69,0.03,+0.35%,8.85,8.86,8.65,7000,2025-08-29
AGIO,"Agios Pharmaceuticals",37.71,-0.47,-1.23%,38.35,38.78,37.38,502700,2025-08-29
AGL,"Agilon Health Inc",1.28,0.01,+0.79%,1.25,1.29,1.25,3906500,2025-08-29
AGM,"Federal Agricultural Mortgage Corp",209.57,-0.16,-0.08%,209.85,210.24,208.2358,48400,2025-08-29
AGX,"Argan Inc",228.22,-13.86,-5.73%,238.13,239.67,221.6201,505500,2025-08-29
AGYS,"Agilysys Inc",109.12,0.03,+0.03%,109.37,111.37,108.49,160900,2025-08-29
AHCO,"Adapthealth Corp Cl. A",9.49,0.25,+2.71%,9.24,9.64,9.13,1096800,2025-08-29
AHH,"Armada Hoffler Properties Inc",7.28,0.04,+0.55%,7.25,7.2899,7.205,487600,2025-08-29
AHR,"American Healthcare REIT Inc",42.79,0.07,+0.16%,42.82,42.865,42.51,988600,2025-08-29
AI,"C3.Ai Inc Cl A",16.91,-0.4,-2.31%,17.33,17.51,16.715,6692000,2025-08-29
AIN,"Albany International Corp",63.51,-0.41,-0.64%,64.09,64.09,62.49,186500,2025-08-29
AIOT,"Powerfleet Inc",4.67,0.01,+0.21%,4.67,4.75,4.63,860600,2025-08-29
AIP,"Arteris Inc",9.42,-0.37,-3.78%,9.77,9.8,9.3,342300,2025-08-29
AIR,"AAR Corp",75.66,-0.15,-0.20%,76,76.44,74.76,206200,2025-08-29
AIRJ,"Airjoule Technologies Corp",4.6,-0.16,-3.36%,4.75,4.83,4.53,59300,2025-08-29
AIRS,"Airsculpt Technologies Inc",6.45,-0.21,-3.15%,6.66,6.7,6.28,434300,2025-08-29
AISP,"Airship Ai Holdings Inc",4.47,-0.27,-5.70%,4.7,4.73,4.44,684000,2025-08-29
AIV,"Apartment Investment and Management",7.83,-0.01,-0.13%,7.83,7.865,7.8,903000,2025-08-29
AKBA,"Akebia Therapeutics",3.14,0.01,+0.32%,3.12,3.15,3.03,2511800,2025-08-29
AKR,"Acadia Realty Trust",20.01,-0.05,-0.25%,20.01,20.13,19.95,1558700,2025-08-29
AKRO,"Akero Therapeutics Inc",46.73,-0.21,-0.45%,47.01,47.34,46.02,497500,2025-08-29
ALCO,"Alico Inc",33.84,-0.28,-0.81%,34.19,34.35,33.84,13400,2025-08-29
ALDX,"Aldeyra Therapeu",5.84,-0.02,-0.34%,5.86,5.91,5.69,453300,2025-08-29
ALE,"Allete Inc",64.15,0,0.00%,64.22,64.36,64.1,663100,2025-08-29
ALEC,"Alector Inc",2.35,-0.04,-1.67%,2.39,2.44,2.31,465000,2025-08-29
ALEX,"Alexander and Baldwin Inc",19.34,0.010000000000002,+0.05%,19.29,19.4,19.21,316200,2025-08-29
ALG,"Alamo Group",211.46,-3.55,-1.65%,214.75,214.75,209.39,97700,2025-08-29
ALGT,"Allegiant Travel Com",62.66,0.36,+0.58%,62.03,62.98,61.69,194900,2025-08-29
ALHC,"Alignment Healthcare Inc",16.36,0.04,+0.25%,16.23,16.48,16.01,1760700,2025-08-29
ALIT,"Alight Inc Cl A",3.88,-0.01,-0.26%,3.95,4.007,3.85,5679100,2025-08-29
ALKS,"Alkermes Plc",28.97,0.04,+0.14%,28.98,29.44,28.9,1426700,2025-08-29
ALKT,"Alkami Technology Inc",25.6,-0.09,-0.35%,25.56,25.79,25.24,870100,2025-08-29
ALLO,"Allogene Therapeutics Inc",1.13,-0.05,-4.24%,1.18,1.2,1.11,3344200,2025-08-29
ALMS,"Alumis Inc",4.64,-0.06,-1.28%,4.75,4.76,4.57,325100,2025-08-29
ALMU,"Aeluma Inc",22.79,1.41,+6.59%,21.63,23.36,20.43,213500,2025-08-29
ALNT,"Allient Inc",45.38,-1.95,-4.12%,47.4,47.6,45.02,133900,2025-08-29
ALRM,Alarm.com,58.63,-0.12,-0.20%,58.83,59.38,57.97,363000,2025-08-29
ALRS,"Alerus Financial Corp",22.27,-0.01,-0.04%,22.4,22.48,22.16,49700,2025-08-29
ALT,"Altimmune Inc",3.83,0.12,+3.23%,3.72,3.86,3.66,2752200,2025-08-29
ALTG,"Alta Equipment Group Inc",8.34,0.13,+1.58%,8.25,8.35,7.99,320000,2025-08-29
ALTI,"Alti Global Inc",4.33,-0.06,-1.37%,4.38,4.54,4.26,163700,2025-08-29
ALX,"Alexander's Inc",230.34,-0.13,-0.06%,230.68,232.84,226.89,28000,2025-08-29
AMAL,"Amalgamated Financial Corp",28.89,-0.22,-0.76%,29.16,29.35,28.85,161500,2025-08-29
AMBA,"Ambarella Inc",82.48,11.85,+16.78%,83.5,93.44,80.8,7163400,2025-08-29
AMBC,"Ambac Financial Group",9.03,0.02,+0.22%,9.07,9.1,8.9,644500,2025-08-29
AMBP,"Ardagh Metal Packaging S.A.",3.69,0.05,+1.37%,3.65,3.7,3.64,689000,2025-08-29
AMC,"AMC Entertainment Holdings",2.81,-0.02,-0.71%,2.84,2.85,2.8,7039500,2025-08-29
AMCX,"AMC Networks Cl A",7.06,0,0.00%,7.04,7.07,6.92,364500,2025-08-29
AMLX,"Amylyx Pharmaceuticals Inc",9.38,-0.04,-0.42%,9.45,9.55,9.18,1675800,2025-08-29
AMN,"Amn Healthcare Services Inc",20.78,0.73,+3.64%,20.08,20.885,20.08,1062900,2025-08-29
AMPH,"Amphastar Pharma",30.62,0.36,+1.19%,30.21,30.81,30.18,290900,2025-08-29
AMPL,"Amplitude Inc Cl A",11.43,-0.29,-2.47%,11.7,11.84,11.38,1341600,2025-08-29
AMPX,"Amprius Technologies Inc",7.09,-0.29,-3.93%,7.36,7.36,6.7814,4671300,2025-08-29
AMR,"Alpha Metallurgical Resources Inc",149.19,3.31,+2.27%,145.65,150.35,145.65,231400,2025-08-29
AMRC,"Ameresco Inc",25.43,0.14,+0.55%,25.41,25.9,24.98,430300,2025-08-29
AMRK,"A-Mark Precious Meta",23.41,0.44,+1.92%,23.1,23.41,22.88,127400,2025-08-29
AMRX,"Amneal Pharmaceuticals Inc",9.56,0.01,+0.10%,9.58,9.59,9.41,2493900,2025-08-29
AMSC,"Amer Superconductor",49.9,-3.94,-7.32%,53.66,53.66,49.74,1108900,2025-08-29
AMSF,"Amerisafe Inc",46.18,0.24,+0.52%,46.09,46.38,45.94,53400,2025-08-29
AMTB,"Mercantil Bank Holding Cl A",21.5,0,0.00%,21.57,21.675,21.45,125300,2025-08-29
AMWD,"Amer Woodmark Corp",64.57,-0.44,-0.68%,65.06,65.3,63.78,115100,2025-08-29
ANAB,"Anaptysbio Inc",20.33,0.2,+0.99%,20.1,20.51,19.85,322600,2025-08-29
ANDE,"Andersons Inc",40.9,0.07,+0.17%,40.83,41.32,40.58,184700,2025-08-29
ANF,"Abercrombie & Fitch Company",93.53,-2.99,-3.10%,97.07,97.2,92.12,2191000,2025-08-29
ANGI,"Angi Inc",17.72,0.17,+0.97%,17.53,17.82,17.34,361400,2025-08-29
ANGO,"Angiodynamics Inc",10.26,0.13,+1.28%,10.13,10.3,10.03,470800,2025-08-29
ANIK,"Anika Therapeutics",9.38,0.15,+1.63%,9.24,9.54,9.1,194500,2025-08-29
ANIP,"ANI Pharma Inc",93.5,0.97,+1.05%,93,93.72,91.97,283200,2025-08-29
ANNX,"Annexon Inc",2.06,-0.06,-2.83%,2.12,2.14,2.05,1019800,2025-08-29
AOMR,"Angel Oak Mortgage REIT Inc",9.86,0.16,+1.65%,9.72,9.865,9.695,249600,2025-08-29
AORT,"Artivion Inc",43.93,0.12,+0.27%,43.92,44.085,43.43,342900,2025-08-29
AOSL,"Alpha and Omega Semi",28.77,-1.15,-3.84%,29.69,29.77,28.42,230100,2025-08-29
AOUT,"American Outdoor Brands Inc",10.44,-0.12,-1.14%,10.6,10.68,10.43,43900,2025-08-29
APAM,"Artisan Partners Asset Mgmt",46.79,-0.37,-0.78%,47.19,47.21,46.585,289800,2025-08-29
APEI,"American Public Education",30.18,-0.37,-1.21%,30.55,30.56,29.99,152800,2025-08-29
APGE,"Apogee Therapeutics Inc",36.37,-0.25,-0.68%,36.65,37.35,35.68,516600,2025-08-29
APLD,"Applied Digital Corp",15.98,-0.62,-3.73%,16.91,17.29,15.57,28060900,2025-08-29
APLE,"Apple Hospitality REIT Inc",13.06,-0.01,-0.08%,13.07,13.11,12.965,3816200,2025-08-29
APOG,"Apogee Entrpr Inc",43.97,-0.12,-0.26%,44.1,44.2,43.48,146400,2025-08-29
APPN,"Appian Corp Cl A",30.78,0.07,+0.23%,30.8,31.17,30.63,639900,2025-08-29
APPS,"Digital Turbine",4.2,-0.06,-1.41%,4.26,4.31,4.13,1850000,2025-08-29
AQST,"Aquestive Therapeutics Inc",3.77,-0.06,-1.57%,3.83,3.87,3.73,1036200,2025-08-29
ARAY,"Accuray Inc",1.52,-0.04,-2.56%,1.56,1.56,1.52,556100,2025-08-29
ARCB,"Arcbest Corp",73.76,0.6,+0.82%,73.64,74.74,72.69,184700,2025-08-29
ARCT,"Arcturus Therapeutics Ltd",17.01,-0.29,-1.68%,17.03,17.36,16.65,523400,2025-08-29
ARDT,"Ardent Health Inc",12.69,0.16,+1.28%,12.48,12.725,12.41,179700,2025-08-29
ARDX,"Ardelyx Inc",6.36,-0.02,-0.31%,6.4,6.4,6.24,2372600,2025-08-29
AREN,"The Arena Group Holdings Inc",5.9,-0.3,-4.84%,6.19,6.22,5.87,181500,2025-08-29
ARHS,"Arhaus Inc Cl A",11.73,-0.02,-0.17%,11.77,11.78,11.56,1791900,2025-08-29
ARI,"Apollo Commercial Real Estate",10.59,0.14,+1.34%,10.48,10.605,10.44,1073700,2025-08-29
ARIS,"Aris Water Solutions Inc Cl A",24.27,0.28,+1.17%,23.94,24.32,23.94,714100,2025-08-29
ARKO,"Arko Corp",5,0.02,+0.40%,5,5.06,4.95,398600,2025-08-29
ARL,"American Realty Investors",15.3,0.09,+0.59%,15.3,15.3,15.3,400,2025-08-29
ARLO,"Arlo Technologies Inc",17.41,-0.44,-2.46%,17.8,17.95,17.21,1577100,2025-08-29
AROC,"Archrock Inc",24.76,-0.06,-0.24%,24.95,24.99,24.625,1153600,2025-08-29
AROW,"Arrow Financial Corp",29.73,-0.05,-0.17%,29.98,30.22,28.61,87900,2025-08-29
ARQ,"Arq Inc",7.72,0.08,+1.05%,7.73,7.82,7.57,305100,2025-08-29
ARQT,"Arcutis Biotherapeutics Inc",15.52,0.03,+0.19%,15.53,15.59,15.1,1185300,2025-08-29
ARR,"Armour Residential R",15.31,0.17,+1.12%,15.12,15.33,15.095,2797200,2025-08-29
ARRY,"Array Technologies Inc",9.01,-0.1,-1.10%,9.1,9.17,8.96,2803500,2025-08-29
ARVN,"Arvinas Inc",7.73,-0.03,-0.39%,7.82,7.85,7.63,735400,2025-08-29
ARWR,"Arrowhead Pharma",22.03,-0.31,-1.39%,22.43,22.55,21.61,2388600,2025-08-29
ASAN,"Asana Inc Cl A",14.6,0.039999999999999,+0.27%,14.62,14.865,14.46,3421400,2025-08-29
ASB,"Associated Banc-Corp",26.97,-0.04,-0.15%,27.24,27.46,26.92,1870900,2025-08-29
ASC,"Ardmore Shipping Corp",11.62,-0.01,-0.09%,11.63,11.68,11.46,305900,2025-08-29
ASGN,"On Assignment",54.25,1,+1.88%,53.31,54.26,53.31,690700,2025-08-29
ASIX,"Advansix Inc",21.46,0.38,+1.80%,21.12,21.47,21.12,206400,2025-08-29
ASLE,"Aersale Corp",8.63,-0.25,-2.82%,8.9,8.9,8.54,378100,2025-08-29
ASO,"Academy Sports and Outdoors Inc",53.55,-0.11,-0.20%,53.66,53.83,52.05,2505700,2025-08-29
ASPI,"Asp Isotopes Inc",9.28,-1.26,-11.91%,10.2,10.2,8.95,8997200,2025-08-29
ASPN,"Aspen Aerogels Inc",6.84,-0.12,-1.72%,6.96,7.04,6.78,1079300,2025-08-29
ASTE,"Astec Inds Inc",46.29,-0.68,-1.45%,46.83,47.13,45.71,290800,2025-08-29
ASTH,"Astrana Health Inc",31.96,0.63,+2.01%,31.45,32.16,31.42,358000,2025-08-29
ASUR,"Asure Software",8.4,0,0.00%,8.39,8.49,8.31,69500,2025-08-29
ATEC,"Alphatec Holdings",15.9,-0.13,-0.81%,16.14,16.14,15.77,1651200,2025-08-29
ATEN,"A10 Networks Inc",17.71,0.12,+0.68%,17.59,17.75,17.5,1171800,2025-08-29
ATEX,"Anterix Inc.",23.74,0.42,+1.80%,23.37,23.93,22.92,225700,2025-08-29
ATGE,"Adtalem Global Education Inc",130.95,-0.82,-0.62%,131.7,132.13,130.2,317000,2025-08-29
ATKR,"Atkore Inc",58.19,-0.38,-0.65%,58.52,58.87,57.3906,360800,2025-08-29
ATLC,"Atlanticus Holdings Corp",66.7,-0.13,-0.19%,66.52,67.07,66.27,20900,2025-08-29
ATLO,"Ames Natl Corp",19.98,0.06,+0.30%,19.8,20.1,19.75,14300,2025-08-29
ATMU,"Atmus Filtration Technologies Inc",44.52,-0.07,-0.16%,44.56,44.78,44.16,604300,2025-08-29
ATNI,"Atn International",17,0.99,+6.18%,16.07,17.12,16.01,57900,2025-08-29
ATOM,"Atomera Inc",3.28,-0.05,-1.50%,3.33,3.38,3.26,179300,2025-08-29
ATRC,"Atricure Inc",36.99,-0.23,-0.62%,37.47,37.58,36.94,334300,2025-08-29
ATRO,"Astronics Corp",36.37,-1.46,-3.86%,37.83,38,36.01,837300,2025-08-29
ATUS,"Altice USA Inc Cl A",2.34,-0.01,-0.43%,2.36,2.37,2.26,1512700,2025-08-29
ATXS,"Astri Therapeutics Inc",6.18,-0.35,-5.36%,6.53,6.59,6.09,235500,2025-08-29
ATYR,"Atyr Pharma Inc",5.38,0.03,+0.56%,5.48,5.72,5.16,4681000,2025-08-29
AUB,"Atlantic Union Bancshares Corp",35.73,0.22,+0.62%,35.55,35.89,35.465,769000,2025-08-29
AUPH,"Aurinia Pharm Ord",11.99,-0.09,-0.75%,12.15,12.16,11.93,806000,2025-08-29
AURA,"Aura Biosciences Inc",6.26,-0.17,-2.64%,6.48,6.49,6.19,130500,2025-08-29
AVA,"Avista Corp",36.54,-0.01,-0.03%,36.57,36.87,36.48,455700,2025-08-29
AVAH,"Aveanna Healthcare Holdings Inc",8,0.16,+2.04%,7.87,8.03,7.85,1768300,2025-08-29
AVAV,"Aerovironment Inc",241.35,-7.58,-3.05%,253.14,253.7,238.48,624900,2025-08-29
AVBP,"Arrivent Biopharma Inc",19.12,-0.09,-0.47%,19.18,19.53,18.65,225100,2025-08-29
AVD,"American Vanguard Corp",5.4,0.14,+2.66%,5.29,5.45,5.21,107500,2025-08-29
AVDL,"Avadel Pharmaceuticals Plc ADR",14.76,0.14,+0.96%,14.76,14.77,14.36,1646200,2025-08-29
AVDX,"Avidxchange Holdings Inc",9.94,0.01,+0.10%,9.93,9.94,9.92,1195200,2025-08-29
AVIR,"Atea Pharmaceuticals Inc",3.36,-0.11,-3.17%,3.48,3.53,3.35,161100,2025-08-29
AVNS,"Avanos Medical Inc",11.94,0.07,+0.59%,11.84,11.97,11.73,647200,2025-08-29
AVNT,"Avient Corp",37.4,0.17,+0.46%,37.4,37.67,37.205,507600,2025-08-29
AVNW,"Aviat Networks Inc",22.96,-0.29,-1.25%,23.33,23.82,22.76,93900,2025-08-29
AVO,"Mission Produce Inc",12.51,-0.14,-1.11%,12.68,12.69,12.47,254700,2025-08-29
AVPT,"Avepoint Inc Cl A",16.36,0.26,+1.61%,16.11,16.38,15.97,1702000,2025-08-29
AVR,"Anteris Technologies Global Corp",4.02,0.42,+11.67%,3.66,4.09,3.66,178900,2025-08-29
AVXL,"Anavex Lf SC",9.64,0.42,+4.56%,9.2,9.74,9.15,882900,2025-08-29
AWR,"American States Water Company",74.53,0.18000000000001,+0.24%,74.4,74.94,73.8101,322100,2025-08-29
AX,"Axos Financial Inc",91.21,-0.14,-0.15%,91.36,92.02,90.64,212600,2025-08-29
AXGN,"Axogen Inc",16.14,-0.08,-0.49%,16.31,16.47,15.88,1938600,2025-08-29
AXL,"American Axle & Manufacturing",5.82,-0.15,-2.51%,5.92,5.92,5.6701,11904700,2025-08-29
AXSM,"Axsome Thera",121.28,-0.47,-0.39%,121.75,122.28,119.93,351600,2025-08-29
AZTA,"Azenta Inc",30.54,0.62,+2.07%,29.97,30.59,29.97,437300,2025-08-29
AZZ,"Azz Inc",112.89,-2.11,-1.83%,115.44,115.44,112.34,170800,2025-08-29
BALY,"Ballys Corporation",9.95,-0.05,-0.50%,10.14,10.21,9.91,40200,2025-08-29
BANC,"First Pactrust Bancorp",16.92,0.090000000000003,+0.53%,16.85,17.0951,16.81,2072900,2025-08-29
BAND,"Bandwidth Inc",15,-0.04,-0.27%,14.88,15.2,14.86,265300,2025-08-29
BANF,"Bancfirst Corp",132.97,-1.29,-0.96%,134.32,134.99,132.97,98000,2025-08-29
BANR,"Banner Corp",67.03,-0.23,-0.34%,67.5,67.84,66.97,117000,2025-08-29
BARK,"Bark Inc",0.9023,0.0109,+1.22%,0.9,0.9175,0.881,405200,2025-08-29
BASE,"Couchbase Inc",24.39,-0.01,-0.04%,24.39,24.4,24.38,487800,2025-08-29
BATRA,"Atlanta Braves Holdings Inc",47.51,0.08,+0.16%,47.63,48.04,47.17,23500,2025-08-29
BATRK,"Atlanta Braves Holdings Inc C",44.98,0.04,+0.09%,45.15,45.19,44.64,287300,2025-08-29
BBAI,"Bigbear.Ai Holdings Inc",5.07,-0.09,-1.74%,5.15,5.18,4.95,38137200,2025-08-29
BBCP,"Concrete Pumping Holdings Inc",6.96,-0.11,-1.56%,7.09,7.21,6.89,92300,2025-08-29
BBIO,"Bridgebio Pharma Inc",51.76,-0.81,-1.54%,52.49,52.85,50.9,2995300,2025-08-29
BBNX,"Beta Bionics Inc",18.84,0.13,+0.69%,18.83,19.32,18.12,385000,2025-08-29
BBSI,"Barrett Business S",48.8,0.26,+0.54%,48.79,49,48.2,299700,2025-08-29
BBUC,"Brookfield Business Corp",33,-2.0175,-5.76%,35.19,35.19,32.98,69700,2025-08-29
BBW,"Build-A-Bear Workshop",60.81,-6.2,-9.25%,68,69,60.23,794300,2025-08-29
BCAL,"California Bancorp",16.84,0.05,+0.30%,16.85,16.97,16.73,71600,2025-08-29
BCAX,"Bicara Therapeutics Inc",11.94,0.03,+0.25%,11.93,12.01,11.6,189200,2025-08-29
BCBP,"Bcb Bancorp Inc",8.9,0.01,+0.11%,8.9,8.98,8.87,37400,2025-08-29
BCC,"Boise Cascade L.L.C.",87,-0.27,-0.31%,87.7,88.18,86.27,218000,2025-08-29
BCML,"Bay Commercial Bk CA",30.26,-0.06,-0.20%,30.32,30.34,29.78,16500,2025-08-29
BCO,"Brink's Company",112.04,-0.03,-0.03%,112.21,112.84,110.64,354200,2025-08-29
BCPC,"Balchem Corp",162.09,0.1,+0.06%,162.43,163.26,160.89,195200,2025-08-29
BCRX,"Biocryst Pharma Inc",8.31,-0.16,-1.89%,8.46,8.49,8.29,2313700,2025-08-29
BDC,"Belden Inc",130.2,-2.5,-1.88%,132.66,132.705,129.295,223100,2025-08-29
BDN,"Brandywine Realty Trust",4.26,0.04,+0.95%,4.2,4.2753,4.2,1843300,2025-08-29
BE,"Bloom Energy Corp Cl A",52.94,-1.86,-3.39%,53.88,54.524,52.59,10197400,2025-08-29
BEAM,"Beam Therapeutics Inc",16.36,-0.49,-2.91%,16.87,17.01,16.26,1898500,2025-08-29
BEEP,"Mobile Infrastructure Corp",3.89,0.05,+1.30%,3.76,3.9,3.76,24300,2025-08-29
BELFA,"BEL Fuse Cl A",114.43,-0.8,-0.69%,114.39,115.13,113,6100,2025-08-29
BELFB,"BEL Fuse Inc Cl B",134.56,-1.73,-1.27%,136.97,137,133.74,90500,2025-08-29
BETR,"Better Home & Finance Holding CO",22.63,1.48,+7.00%,21.31,22.83,20.94,116600,2025-08-29
BFC,"Bank First National Corp [Wisconsin]",129.92,-0.25,-0.19%,130.79,130.79,129.08,41600,2025-08-29
BFH,"Bread Financial Hldgs Inc",66.19,-0.5,-0.75%,66.93,67.3299,65.31,588000,2025-08-29
BFIN,"Bankfinancial Corp",12.38,0,0.00%,12.41,12.48,12.33,23000,2025-08-29
BFLY,"Butterfly Network Inc",1.61,-0.02,-1.23%,1.645,1.68,1.5814,2384000,2025-08-29
BFS,"Saul Centers",34.17,0.33,+0.98%,33.92,34.21,33.8819,44000,2025-08-29
BFST,"Business First Bancshares Inc",25.01,-0.07,-0.28%,25.19,25.34,24.97,77200,2025-08-29
BGC,"Bgc Partners Cl A",9.81,-0.16,-1.60%,9.97,10.02,9.75,1934300,2025-08-29
BGS,"B&G Foods Holdings",4.51,0.06,+1.35%,4.47,4.54,4.445,1543200,2025-08-29
BH,"Biglari Holdings Inc",310.87,-8.93,-2.79%,320,322.068,310.73,16200,2025-08-29
BHB,"Bar Harbor Bankshares",32.27,0.11000000000001,+0.34%,32.45,32.57,31.98,68100,2025-08-29
BHE,"Benchmark Electronics",40.59,-0.87,-2.10%,41.39,41.41,40.32,158700,2025-08-29
BHLB,"Berkshire Hills Bancorp",26.13,-0.17,-0.65%,26.39,26.6214,25.9,2575800,2025-08-29
BHR,"Braemar Hotels & Resorts Inc",2.76,0.06,+2.22%,2.69,2.86,2.63,742800,2025-08-29
BHRB,"Burke Herbert Financial Services Corp",63.56,-0.01,-0.02%,63.68,63.99,63.17,35400,2025-08-29
BHVN,"Biohaven Ltd",15.39,-0.13,-0.84%,15.53,15.72,15.28,999600,2025-08-29
BIOA,"Bioage Labs Inc",4.93,0.13,+2.71%,4.86,5.1,4.78,1093600,2025-08-29
BIPC,"Brookfield Infrastructure Partners LP Cl A",40.22,-0.07,-0.17%,40.2,40.92,40.11,1072100,2025-08-29
BJRI,"Bj's Restaurants Inc",33.56,-0.13,-0.39%,33.84,33.88,33.17,468500,2025-08-29
BKD,"Brookdale Senior Living Inc",7.7,0.06,+0.79%,7.66,7.73,7.61,2114400,2025-08-29
BKE,"Buckle Inc",56.59,-0.91,-1.58%,57.83,57.83,56.41,516800,2025-08-29
BKH,"Black Hills Corp",59.81,0.07,+0.12%,59.8,60.13,59.67,565300,2025-08-29
BKKT,"Bakkt Hldgs Inc",8.77,0.08,+0.92%,8.66,9.09,8.34,1193900,2025-08-29
BKSY,"Blacksky Technology Inc",17.56,-0.52,-2.88%,18.19,18.28,16.96,1763200,2025-08-29
BKTI,"Bk Technologies Inc",70.78,0.97,+1.39%,70.17,71.59,69.19,44300,2025-08-29
BKU,"BankUnited Inc",39.19,0.059999999999995,+0.15%,39.23,39.55,38.92,618500,2025-08-29
BKV,"Bkv Corp",23.31,-0.1,-0.43%,23.36,23.54,23.2,103300,2025-08-29
BL,"Blackline Inc",54.37,0.13,+0.24%,54.38,54.9,54.15,533500,2025-08-29
BLBD,"Blue Bird Corp",58.39,-0.95,-1.60%,59.42,59.61,57.89,566000,2025-08-29
BLFS,"Biolife Solutions",25.05,0.13,+0.52%,25.05,25.49,24.82,354400,2025-08-29
BLFY,"Blue Foundry Bancorp",9.29,-0.14,-1.48%,9.43,9.46,9.03,76500,2025-08-29
BLKB,"Blackbaud Inc",66.71,0.55,+0.83%,66.35,67.46,66.19,208400,2025-08-29
BLMN,"Bloomin' Brands Inc",7.35,0.06,+0.82%,7.29,7.59,7.24,1764300,2025-08-29
BLND,"Blend Labs Inc Cl A",3.62,0.08,+2.26%,3.56,3.63,3.505,1456300,2025-08-29
BLX,"Banco Latinoamericano DE Comercio",46.13,-0.13,-0.28%,46.36,46.36,45.8356,64000,2025-08-29
BLZE,"Backblaze Inc Cl A",8.35,-0.05,-0.60%,8.45,8.47,8.17,528100,2025-08-29
BMBL,"Bumble Inc",6.17,-0.16,-2.53%,6.36,6.54,6.06,4504200,2025-08-29
BMI,"Badger Meter",182.92,-3.57,-1.91%,186.25,186.805,181.89,412900,2025-08-29
BMRC,"Bank of Marin Bancrp",24.54,0.06,+0.25%,24.54,24.72,24.36,40400,2025-08-29
BNED,"Barnes & Noble Education Inc C",8.63,0.040000000000001,+0.47%,8.53,8.671,8.42,395100,2025-08-29
BNL,"Broadstone Net Lease Inc Cl A",18.59,0.14,+0.76%,18.48,18.645,18.45,1473300,2025-08-29
BNTC,"Benitec Biopharma Ltd ADR",13.24,0.21,+1.61%,13.01,13.25,12.81,45100,2025-08-29
BOC,"Boston Omaha Corp Cl A",13.34,-0.1,-0.74%,13.48,13.48,13.285,165800,2025-08-29
BOH,"Bank of Hawaii Corp",68.12,0.30000000000001,+0.44%,67.82,68.68,67.805,357600,2025-08-29
BOOM,"Dynamic Materials",6.7,0.39,+6.18%,6.38,6.76,6.38,235500,2025-08-29
BOOT,"Boot Barn Holdings Inc",177.77,1.3,+0.74%,177,178.21,175.66,478500,2025-08-29
BORR,"Borr Drilling Ltd",2.91,-0.05,-1.69%,2.96,3.005,2.85,3830900,2025-08-29
BOW,"Bowhead Specialty Holdings Inc",31.06,-0.01,-0.03%,30.95,31.185,30.87,210200,2025-08-29
BOX,"Box Inc",32.63,-0.2,-0.61%,32.71,32.93,32.45,2571700,2025-08-29
BPRN,"Princeton Bancorp Inc",34.16,-0.14,-0.41%,35.3,35.3,34.01,3700,2025-08-29
BRBS,"Blue Ridge Bankshare",4.01,0.03,+0.75%,3.99,4.05,3.945,221200,2025-08-29
BRCC,"Brc Inc Cl A",1.55,0,0.00%,1.56,1.6,1.54,449800,2025-08-29
BRKL,"Brookline Bancorp",10.95,-0.07,-0.64%,11.06,11.17,10.87,5639200,2025-08-29
BRSL,"Brightstar Lottery Plc",16.64,0.12,+0.73%,16.48,16.69,16.42,1235400,2025-08-29
BRSP,"Brightspire Capital Inc",5.8,0.09,+1.58%,5.72,5.815,5.7,837700,2025-08-29
BRT,"BRT Realty Trust",16,0.28,+1.78%,15.65,16,15.65,26000,2025-08-29
BRY,"Berry Pete Corp",3.34,0.06,+1.83%,3.26,3.38,3.24,628100,2025-08-29
BRZE,"Braze Inc Cl A",27.7,0.3,+1.09%,27.54,27.89,27.31,1110000,2025-08-29
BSET,"Bassett Furniture",16.82,0.05,+0.27%,16.91,17.05,16.73,19300,2025-08-29
BSRR,"Sierra Bancorp",30.66,-0.2,-0.65%,30.96,31.05,30.64,14700,2025-08-29
BSVN,"Bank7 Corp",49.61,0.21,+0.43%,49.67,49.97,49.46,6400,2025-08-29
BTBT,"Bit Digital Inc",2.57,-0.04,-1.53%,2.6,2.64,2.48,21064801,2025-08-29
BTDR,"Bitdeer Technologies Group",14.29,0.61,+4.46%,13.6,14.35,13.22,5553300,2025-08-29
BTMD,"Biote Corp",3.44,-0.03,-0.86%,3.47,3.55,3.38,157000,2025-08-29
BTSG,"Brightspring Health Services Inc",23.69,-0.04,-0.17%,23.73,23.85,23.41,1335700,2025-08-29
BTU,"Peabody Energy Corp",17.4,0.56,+3.33%,16.81,17.43,16.76,3650400,2025-08-29
BUR,"Burford Capital Ltd",14,0.26,+1.89%,13.8,14.05,13.765,1294400,2025-08-29
BUSE,"First Busey Corp",24.7,0.01,+0.04%,24.69,24.98,24.58,505100,2025-08-29
BV,"Brightview Holdings Inc",14.4,-0.15,-1.03%,14.6,14.6,14.305,722200,2025-08-29
BVFL,"Bv Financial Inc MD",16.78,0.03,+0.18%,16.85,16.85,16.69,57400,2025-08-29
BVS,"Bioventus Inc Cl A",7.4,0.15,+2.07%,7.29,7.49,7.28,295500,2025-08-29
BWB,"Bridgewater Bancshares Inc",16.38,0,0.00%,16.46,16.49,16.31,19700,2025-08-29
BWFG,"Bankwell Financial",42.28,-0.19,-0.45%,42.72,42.72,42.04,17100,2025-08-29
BWIN,"The Baldwin Insurance Group Inc",31.67,0.06,+0.19%,31.85,32.52,31.63,676800,2025-08-29
BWMN,"Bowman Consulting Group Ltd",42.73,0.3,+0.71%,42.4,43.21,42.33,126500,2025-08-29
BXC,"Bluelinx Holdings Inc",82.61,-0.16,-0.19%,84.68,84.68,81.7248,80100,2025-08-29
BXMT,"Blackstone Mortgage Trust Inc Cl A",19.56,0.14,+0.72%,19.4,19.565,19.38,582500,2025-08-29
BY,"Byline Bancorp Inc",28.91,-0.14,-0.48%,29.06,29.22,28.8,123800,2025-08-29
BYND,"Beyond Meat Inc",2.5,-0.04,-1.57%,2.55,2.56,2.48,1373300,2025-08-29
BYRN,"Byrna Technologies Inc",20.4,0.7,+3.55%,19.9,20.82,19.7,402600,2025-08-29
BZH,"Beazer Homes USA",25.16,-0.04,-0.16%,25.16,25.25,24.785,268400,2025-08-29
CABO,"Cable One Inc",161.48,3.59,+2.27%,159.31,162.665,158.2,108900,2025-08-29
CAC,"Camden Natl Corp",40.89,0.08,+0.20%,41.06,41.22,40.11,85100,2025-08-29
CADE,"Cadence Bank",37.64,0.1,+0.27%,37.64,37.92,37.52,1332900,2025-08-29
CADL,"Candel Therapeutics Inc",5.79,-0.03,-0.52%,5.85,5.92,5.7,329000,2025-08-29
CAKE,"Cheesecake Fact",61.46,-0.58,-0.93%,62.03,62.28,61.34,812200,2025-08-29
CAL,"Caleres Inc",15,-0.37,-2.41%,15.57,15.57,14.96,848000,2025-08-29
CALM,"Cal-Maine Foods IN",115.64,0.24,+0.21%,115.87,116.61,115.28,544400,2025-08-29
CALX,"Calix Inc",59.45,-1.61,-2.64%,60.66,60.97,59.285,439400,2025-08-29
CAPR,"Capricor Therap",6.28,0.02,+0.32%,6.28,6.36,6.18,801800,2025-08-29
CARE,"Carter Bankshares Inc",19.46,0,0.00%,19.51,19.59,19.37,37600,2025-08-29
CARG,"Cargurus Inc Cl A",34.6,0.22,+0.64%,34.47,34.94,34.31,934100,2025-08-29
CARS,"Cars.com Inc",13.05,0.010000000000002,+0.08%,13.08,13.17,13.005,609100,2025-08-29
CASH,"Pathward Financial Inc",79.47,-0.65,-0.81%,79.58,80.59,78.14,200000,2025-08-29
CASS,"Cass Information Sys",43.12,0.15,+0.35%,43.05,43.38,42.83,34000,2025-08-29
CATX,"Perspective Therapeutics Inc",3.36,-0.02,-0.59%,3.46,3.47,3.2801,456100,2025-08-29
CATY,"Cathay Genl Bncp",49.91,0.1,+0.21%,49.87,50.35,49.47,317200,2025-08-29
CBAN,"Colony Bankcorp Inc",17.18,0.09,+0.53%,17.2,17.2,17.04,34100,2025-08-29
CBFV,"Cb Financial Svc",33.29,0.17,+0.51%,33.04,33.4,33,9300,2025-08-29
CBL,"Cbl & Associates Properties Inc",31.85,0.11,+0.35%,31.8,32.1,31.55,121000,2025-08-29
CBLL,"Ceribell Inc",11.83,-0.14,-1.17%,11.94,12.05,11.73,226000,2025-08-29
CBNA,"Chain Bridge Bancorp Inc Cl A",30.24,0.61,+2.06%,29.75,30.25,29.63,13200,2025-08-29
CBNK,"Capital Bancorp Inc",33.99,-0.51,-1.48%,34.61,34.61,33.78,49400,2025-08-29
CBRL,"Cracker Barrel",59.82,-0.24,-0.40%,60.2,61.37,59.36,1023300,2025-08-29
CBT,"Cabot Corp",81.56,0.24000000000001,+0.30%,81.67,82.35,80.81,349200,2025-08-29
CBU,"Community Financial System Inc",59.89,-0.65,-1.07%,60.69,61.31,59.8,192600,2025-08-29
CBZ,"Cbiz Inc",64.54,0.02000000000001,+0.03%,64.51,64.9,63.91,349300,2025-08-29
CC,"Chemours Company",15.4,0.33,+2.19%,15.08,15.43,15.07,2897800,2025-08-29
CCB,"Coastal Financial Corp",114.5,0.2,+0.17%,114.82,115.56,113.99,81600,2025-08-29
CCBG,"Capital City Bank Gr",43.86,0.37,+0.85%,43.74,44.04,43.52,24000,2025-08-29
CCNE,"Cnb Financial Corp",26.31,-0.21,-0.79%,26.43,26.53,26.06,97400,2025-08-29
CCOI,"Cogent Comm Hlds",38.23,0.72,+1.92%,37.45,38.42,37.03,927800,2025-08-29
CCRD,"Corecard Corporation",27.67,-0.23,-0.82%,27.73,28.1,27.645,64600,2025-08-29
CCRN,"Cross Ctry Hlthcr",13.38,0.01,+0.07%,13.39,13.58,13.23,201400,2025-08-29
CCS,"Century Communities Inc",65.88,0.22,+0.34%,65.79,66.16,65.095,293700,2025-08-29
CCSI,"Consensus Cloud Solutions",26.57,-0.13,-0.49%,26.9,27.15,26.51,104500,2025-08-29
CDE,"Coeur Mining Inc",13.15,0.59,+4.70%,12.61,13.18,12.54,14138000,2025-08-29
CDNA,"Caredx Inc",13.66,0.55,+4.20%,13.17,13.77,13.06,2032100,2025-08-29
CDP,"Copt Defense Properties",28.78,-0.08,-0.28%,28.9,28.97,28.63,1069900,2025-08-29
CDRE,"Cadre Holdings Inc",30.81,-0.09,-0.29%,31.03,31.26,30.575,202200,2025-08-29
CDTX,"Cidara Thera",65.39,0.16,+0.25%,65.36,65.72,63.81,188300,2025-08-29
CDXS,"Codexis Inc",2.73,0.01,+0.37%,2.71,2.74,2.65,514600,2025-08-29
CDZI,"Cadiz Inc",3.58,-0.02,-0.56%,3.62,3.67,3.54,297200,2025-08-29
CECO,"Ceco Environmental Corp",45.59,-1.1,-2.36%,46.54,46.54,42.78,709200,2025-08-29
CELC,"Celcuity Inc",51.23,-3.37,-6.17%,54.55,55,51.17,731200,2025-08-29
CENT,"Central Garden",36.43,0.48,+1.34%,35.95,36.49,35.94,64600,2025-08-29
CENTA,"Central Garden & Pet",33.03,0.43,+1.32%,32.79,33.19,32.59,525100,2025-08-29
CENX,"Century Aluminum C",22.33,-0.05,-0.22%,22.43,22.64,22.18,1001500,2025-08-29
CERS,"Cerus Corp",1.31,0,0.00%,1.32,1.32,1.265,599500,2025-08-29
CEVA,"Ceva Inc",22.22,-0.71,-3.10%,22.81,22.85,22.09,235400,2025-08-29
CFBK,"Central Fed Corp",24.6,0.05,+0.20%,24.68,25.08,24.4,26700,2025-08-29
CFFI,"C&F Financial Corp",71.98,0.82,+1.15%,70.6,71.98,70.6,12200,2025-08-29
CFFN,"Capitol Fed Finl Inc",6.48,0.03,+0.47%,6.48,6.53,6.46,668900,2025-08-29
CGEM,"Cullinan Therapeutics Inc",7.54,-0.07,-0.92%,7.65,7.76,7.31,285300,2025-08-29
CGON,"Cg Oncology Inc",26.82,0.1,+0.39%,26.69,27.1,26.22,400000,2025-08-29
CHCO,"City Holding Company",128.48,-1.26,-0.97%,130,130,128.08,72200,2025-08-29
CHCT,"Community Healthcare Trust Inc",15.41,0.2,+1.31%,15.22,15.43,15.18,151700,2025-08-29
CHEF,"The Chefs Warehouse",63.14,0.23,+0.37%,63.21,63.87,62.38,412900,2025-08-29
CHMG,"Chemung Financial Corp",53.92,-0.18,-0.33%,53.9,53.92,53.5,3800,2025-08-29
CHRS,"Coherus Oncology Inc",1.16,-0.02,-1.69%,1.18,1.18,1.14,505000,2025-08-29
CIA,"Citizens Inc",5.29,-0.1,-1.86%,5.3,5.3776,5.25,109200,2025-08-29
CIFR,"Cipher Mining Inc",7.64,0.62,+8.83%,7.25,8.71,6.95,70174891,2025-08-29
CIM,"Chimera Investment Corp",14.17,0.17,+1.21%,14.04,14.19,13.995,375000,2025-08-29
CIO,"City Office REIT Inc",6.93,0,0.00%,6.94,6.94,6.93,175700,2025-08-29
CIVB,"Civista Bncshrs",21.19,0.32,+1.53%,21,21.24,20.88,105100,2025-08-29
CIX,"Compx International Inc",24.86,-0.39,-1.54%,24.75,24.965,24.3,10400,2025-08-29
CLAR,"Clarus Corp",3.63,0,0.00%,3.63,3.65,3.6,56800,2025-08-29
CLB,"Core Laboratories Inc",11.51,0.19,+1.68%,11.29,11.545,11.11,376800,2025-08-29
CLBK,"Columbia Financial Inc",15.03,-0.05,-0.33%,15.12,15.2,15.01,69800,2025-08-29
CLDT,"Chatham Lodging Trust REIT",7.63,-0.01,-0.13%,7.67,7.69,7.58,654100,2025-08-29
CLDX,"Celldex Therapeutics",22.08,-0.3,-1.34%,22.52,23.02,21.71,1329300,2025-08-29
CLFD,"Clearfield Inc",32.62,-0.48,-1.45%,33.17,33.17,32.3,551000,2025-08-29
CLMB,"Climb Global Solutions Inc",123.56,-0.71,-0.57%,124.91,125.02,122.86,26600,2025-08-29
CLMT,"Calumet Inc",16.3,-0.03,-0.18%,16.31,16.52,16.04,518200,2025-08-29
CLNE,"Clean Energy Fuels",2.63,-0.01,-0.38%,2.64,2.67,2.6,1337100,2025-08-29
CLOV,"Clover Health Investments Corp",2.62,-0.01,-0.38%,2.64,2.65,2.57,2868500,2025-08-29
CLPR,"Clipper Realty Inc",4.48,0.06,+1.36%,4.45,4.52,4.352,62600,2025-08-29
CLPT,"Clearpoint Neuro Inc",10.49,0,0.00%,10.49,10.57,10.31,149100,2025-08-29
CLSK,"Cleanspark Inc",9.47,-0.08,-0.84%,9.55,9.64,9.26,17104600,2025-08-29
CLW,"Clearwater Paper Corp",21.57,0.19,+0.89%,21.53,21.92,21.39,223700,2025-08-29
CMC,"Commercial Metals Company",57.67,-0.24,-0.41%,58.08,58.31,57.445,929000,2025-08-29
CMCL,"Caledonia Mining Corp",25.58,0.7,+2.81%,24.55,25.63,24.55,165600,2025-08-29
CMCO,"Columbus Mckinnon",14.98,-0.24,-1.58%,15.2,15.3,14.87,809800,2025-08-29
CMDB,"Costamare Bulkers Holdings Limited",10.56,0.0099999999999998,+0.09%,10.5,10.61,10.42,80600,2025-08-29
CMP,"Compass Minerals Intl Inc",19.05,-0.21,-1.09%,19.3,19.53,18.89,320200,2025-08-29
CMPO,"Composecure Inc",19.12,-0.63,-3.19%,19.76,19.76,18.92,874700,2025-08-29
CMPR,"Cimpress N.V. Ord",63.12,0.65,+1.03%,62.69,64.08,62.39,151600,2025-08-29
CMPX,"Compass Therapeutics Inc",3.49,0,0.00%,3.49,3.5,3.29,702500,2025-08-29
CMRE,"Costamare Inc",11.44,-0.13,-1.12%,11.53,11.65,11.33,367000,2025-08-29
CMT,"Core Molding Technologies Inc",19.2,0.22,+1.16%,18.99,19.41,18.92,19900,2025-08-29
CMTG,"Claros Mortgage Trust Inc",3.7,0.12,+3.35%,3.59,3.725,3.55,804100,2025-08-29
CNDT,"Conduent Inc",2.78,-0.02,-0.71%,2.81,2.83,2.76,552700,2025-08-29
CNK,"Cinemark Holdings Inc",25.8,0.31,+1.22%,25.42,25.81,25.275,3706700,2025-08-29
CNMD,"C O N M E D Corp",54.36,0.63,+1.17%,53.86,55.15,53.585,228600,2025-08-29
CNNE,"Cannae Holdings Inc",18.7,0.029999999999998,+0.16%,18.73,18.77,18.53,849400,2025-08-29
CNO,"Cno Financial Group",39.47,0.049999999999997,+0.13%,39.53,39.82,39.38,733800,2025-08-29
CNOB,"Connectone Bancorp",25.6,0.06,+0.23%,25.68,25.84,25.54,229200,2025-08-29
CNR,"Core Natural Resources Inc",74.26,1.52,+2.09%,72.7,74.41,72.37,643800,2025-08-29
CNS,"Cohn & Steers Inc",73.86,-0.16,-0.22%,74.31,74.501,72.93,474000,2025-08-29
CNX,"CNX Resources Corp",29.2,-0.05,-0.17%,29.22,29.4,28.96,1221700,2025-08-29
CNXN,"PC Connection Inc",64.21,0.07,+0.11%,64.43,64.43,63.29,76300,2025-08-29
COCO,"The Vita Coco Company Inc",35.74,0.5,+1.42%,35.32,35.88,35.11,527300,2025-08-29
CODI,"Compass Diversified Holdings",7.5,0.31,+4.31%,7.26,7.59,7.13,976800,2025-08-29
COFS,"Choiceone Financial",30.86,0,0.00%,30.92,31.04,30.59,43300,2025-08-29
COGT,"Cogent Biosciences Inc",12.08,0,0.00%,12.08,12.21,11.88,1060700,2025-08-29
COHU,"Cohu Inc",19.9,-0.44,-2.16%,20.18,20.42,19.58,452400,2025-08-29
COLL,"Collegium Pharma",38.8,0.45,+1.17%,38.38,38.85,38,520600,2025-08-29
COMM,"Commscope Holding Company",16.04,0.08,+0.50%,16.02,16.35,15.75,4588600,2025-08-29
COMP,"Compass Inc Cl A",9.08,0.06,+0.67%,9.1,9.14,8.925,7561700,2025-08-29
CON,"Concentra Group Holdings Parent Inc",23.8,0.060000000000002,+0.25%,23.7,23.81,23.5,717000,2025-08-29
COOK,"Traeger Inc",1.26,0.01,+0.80%,1.26,1.3,1.2446,505300,2025-08-29
CORZ,"Core Scientific Inc",14.35,0,0.00%,14.2,14.39,13.88,6456800,2025-08-29
COUR,"Coursera Inc",11.5,-0.11,-0.95%,11.51,11.55,11.31,2226800,2025-08-29
CPF,"Central Pacific Financial Company",31.32,0.09,+0.29%,31.34,31.625,31.16,144900,2025-08-29
CPK,"Chesapeake Utilities Corp",123.58,0.14,+0.11%,123.74,124.72,123.325,73600,2025-08-29
CPRI,"Capri Holdings Ltd",20.59,-0.98,-4.54%,21.55,21.71,20.54,2965900,2025-08-29
CPRX,"Catalyst Pharm Inc",20.59,0.21,+1.03%,20.44,20.66,20.39,814300,2025-08-29
CPS,"Cooper Std Holdings Inc",36.82,0.69,+1.91%,36.46,37.02,35.7451,186200,2025-08-29
CPSS,"Consumer Portfol",7.99,-0.07,-0.87%,8.05,8.08,7.95,7400,2025-08-29
CRAI,"Cra International",193.76,-2.24,-1.14%,196.85,196.85,192.5,114000,2025-08-29
CRC,"California Resources Corp",49.68,0,0.00%,49.8,50.055,49.51,565700,2025-08-29
CRCT,"Cricut Inc Cl A",5.7,-0.05,-0.87%,5.75,5.81,5.58,483600,2025-08-29
CRD.A,"Crawford Company Cl A",10.84,-0.01,-0.09%,10.86,11.02,10.1915,105800,2025-08-29
CRDF,"Cardiff Oncology Inc",2.1,0.02,+0.96%,2.12,2.14,2.06,865300,2025-08-29
CRDO,"Credo Technology Group Holding Ltd",123.06,-8.77,-6.65%,130.87,131.2,121,4965900,2025-08-29
CRGY,"Crescent Energy Company Cl A",9.54,-0.07,-0.73%,9.51,9.65,9.4747,3721100,2025-08-29
CRI,"Carter's Inc",28.56,0.26,+0.92%,28.44,28.8,28.185,1307300,2025-08-29
CRK,"Comstock Resources",16.13,-0.22,-1.35%,16.23,16.29,16.01,1444100,2025-08-29
CRMD,"Cormedix Inc",14.83,0.48,+3.34%,14.29,14.96,14.27,2671400,2025-08-29
CRML,"Critical Metals Corp",6.2,-0.26,-4.10%,6.52,6.75,6.18,3611700,2025-08-29
CRMT,"America's Car-Mart",44.81,-1.67,-3.59%,46.4,46.4,44.65,90000,2025-08-29
CRNC,"Cerence Inc",10.53,-0.08,-0.75%,10.55,10.9,10.44,1170500,2025-08-29
CRNX,"Crinetics Pharmaceuticals Inc",30.99,0.34,+1.11%,30.67,31.22,30.25,1135600,2025-08-29
CRSP,"Crispr Therapeutics Ag",51.83,-1.22,-2.30%,53,53.07,51.36,1589300,2025-08-29
CRSR,"Corsair Gaming Inc",8.93,0.05,+0.56%,8.88,9,8.68,649600,2025-08-29
CRVL,"Corvel Corp",89.05,-0.25,-0.28%,89.58,89.58,88.83,138100,2025-08-29
CRVS,"Corvus Pharma Com",5.74,0.33,+6.10%,5.42,5.75,5.34,557500,2025-08-29
CSGS,"C S G Sys Intl",64.16,0.49,+0.77%,63.89,64.56,63.77,172800,2025-08-29
CSPI,"C S P Inc",12.06,-0.33,-2.66%,12.09,12.57,11.9,10300,2025-08-29
CSR,Centerspace,59.5,0.78,+1.33%,59.12,59.55,58.775,82100,2025-08-29
CSTL,"Castle Biosciences Inc",24.01,0.55,+2.34%,23.21,24.04,22.95,518800,2025-08-29
CSTM,"Constellium N.V.",14.49,-0.04,-0.28%,14.52,14.53,14.23,803100,2025-08-29
CSV,"Carriage Services",43.78,-0.1,-0.23%,44.15,44.73,43.58,185200,2025-08-29
CSW,"Csw Industrials Inc",273.54,0.41000000000003,+0.15%,273,274.92,270.01,158300,2025-08-29
CTBI,"Community TR Bancp",58.42,-0.2,-0.34%,58.6,59.04,58.42,56400,2025-08-29
CTEV,"Claritev Corporation",68.91,-2.38,-3.34%,71.79,71.79,68.03,87200,2025-08-29
CTGO,"Contango Ore Inc",22.03,0.88,+4.16%,21.06,22.19,21.06,89600,2025-08-29
CTKB,"Cytek Biosciences Inc",4.14,-0.03,-0.72%,4.19,4.2,4.09,735800,2025-08-29
CTLP,"Cantalope Inc",10.87,0.03,+0.28%,10.87,10.87,10.84,595200,2025-08-29
CTO,"Cto Realty Growth Inc",17.28,0.09,+0.52%,17.19,17.335,17.155,162300,2025-08-29
CTOS,"Custom Truck One Source",6.14,0.029999999999999,+0.49%,6.13,6.2,6.06,572300,2025-08-29
CTRE,"Caretrust REIT Inc",34.41,-0.05,-0.15%,34.53,34.64,34.2,2124800,2025-08-29
CTRI,"Centuri Holdings Inc",21.24,0.079999999999998,+0.38%,21.23,21.765,20.97,1609100,2025-08-29
CTRN,"Citi Trends Inc",35.63,-1.32,-3.57%,36.95,37.38,35.17,116800,2025-08-29
CTS,"Cts Corp",42.49,-0.44,-1.02%,43.06,43.06,42.33,141500,2025-08-29
CUBI,"Customers Bancorp",71.69,0.52,+0.73%,71.17,72.18,70.99,424500,2025-08-29
CURB,"Curbline Properties Corp",22.53,-0.04,-0.18%,22.61,22.75,22.3,320000,2025-08-29
CURI,"Curiositystream Inc",4.58,0.18,+4.09%,4.4,4.66,4.23,1332400,2025-08-29
CURV,"Torrid Holdings Inc",2.18,-0.01,-0.46%,2.23,2.23,2.155,184000,2025-08-29
CVBF,"Cvb Financial Corp",20.13,-0.08,-0.40%,20.15,20.37,20.07,703600,2025-08-29
CVCO,"Cavco Inds Inc",530.49,0.11,+0.02%,530.38,536.57,508.8,99800,2025-08-29
CVGW,"Calavo Growers Inc",27.35,0.07,+0.26%,27.41,27.61,27.28,107000,2025-08-29
CVI,"Cvr Energy Inc",30.49,0.83,+2.80%,29.72,30.59,29.5101,2523800,2025-08-29
CVLG,"Covenant Logistics Group Inc",24.13,-0.02,-0.08%,24.1,24.23,23.975,37100,2025-08-29
CVLT,"Commvault Systems",186.65,-1.1,-0.58%,187.93,188.74,184.77,317800,2025-08-29
CVRX,"Cvrx Inc",7.85,-0.03,-0.38%,7.94,8.04,7.61,116900,2025-08-29
CWAN,"Clearwater Analytics Holdings Inc Cl A",20.67,0.14,+0.68%,20.42,20.69,20.29,3330800,2025-08-29
CWBC,"Community West Bank",21.32,0.23,+1.09%,21.17,21.5,21.17,48900,2025-08-29
CWCO,"Cons Water Inc",33.27,-0.33,-0.98%,33.6,33.88,33.11,71000,2025-08-29
CWH,"Camping World Holdings Inc",17.51,0.060000000000002,+0.34%,17.63,17.77,17.28,1963000,2025-08-29
CWK,"Cushman & Wakefield Plc",15.77,-0.07,-0.44%,15.87,15.9,15.61,1433900,2025-08-29
CWST,"Casella Waste Sys",98.56,-0.26,-0.26%,98.82,99.05,98.11,565600,2025-08-29
CWT,"California Water Service Group Holding",46.93,0.060000000000002,+0.13%,47.02,47.245,46.72,250700,2025-08-29
CXDO,"Crexendo Inc",6.32,0,0.00%,6.32,6.4,6.2,78500,2025-08-29
CXM,"Sprinklr Inc Cl A",8.64,-0.11,-1.26%,8.78,8.81,8.43,4107400,2025-08-29
CXW,"Corecivic Inc",20.28,0.1,+0.50%,20.1,20.37,19.93,1119600,2025-08-29
CYH,"Community Health Systems",2.76,-0.04,-1.43%,2.8,2.82,2.71,877000,2025-08-29
CYRX,"Cryoport Inc",8.86,0.17,+1.96%,8.7,8.9,8.67,518500,2025-08-29
CYTK,Cytokinetics,35.33,-2.02,-5.41%,37.26,37.74,35.22,3222000,2025-08-29
CZFS,"Citizens Fincl Svcs",59.96,-0.53,-0.88%,60.2,60.2,59.76,5900,2025-08-29
CZNC,"Citizens Nrthn Corp",20.2,-0.12,-0.59%,20.44,20.44,19.95,26700,2025-08-29
CZWI,"Citizens Community",16.53,0.15,+0.92%,16.43,16.59,16.41,21500,2025-08-29
DAKT,"Daktronics Inc",17.35,-0.1,-0.57%,17.48,17.51,17.09,217700,2025-08-29
DAN,"Dana Inc",20.16,-0.19,-0.93%,20.35,20.42,20.04,1977200,2025-08-29
DAVE,"Dave Inc",213.22,-4.61,-2.12%,220.19,222.48,209.54,284900,2025-08-29
DAWN,"Day One Biopharmaceuticals Inc",7.51,-0.08,-1.05%,7.59,7.61,7.41,893800,2025-08-29
DBD,"Diebold Nixdorf Incorporated",61.11,-1.29,-2.07%,62.64,62.64,60.66,143800,2025-08-29
DBI,"Designer Brands Inc",3.71,-0.05,-1.33%,3.79,3.825,3.68,505100,2025-08-29
DBRG,"Digitalbridge Group Inc",11.41,0.14,+1.24%,11.3,11.48,11.22,1514600,2025-08-29
DC,"Dakota Gold Corp",4.17,0.03,+0.72%,4.11,4.21,4.11,671600,2025-08-29
DCGO,"Docgo Inc.",1.56,-0.07,-4.29%,1.64,1.65,1.55,425800,2025-08-29
DCO,"Ducommun Inc",91.22,-0.63,-0.69%,91.89,92.07,90.44,91700,2025-08-29
DCOM,"Dime Community Bancshares Inc",30.76,0.01,+0.03%,30.9,31.04,30.58,113000,2025-08-29
DCTH,"Delcath Systems Inc",11.02,0.14,+1.29%,10.91,11.03,10.65,332600,2025-08-29
DDD,"3D Systems Corp",2.3,-0.11,-4.56%,2.41,2.43,2.24,3511900,2025-08-29
DEA,"Easterly Government Properties",22.89,0.030000000000001,+0.13%,22.86,22.97,22.59,658100,2025-08-29
DEC,"Diversified Energy Company Plc",16.47,0.15,+0.92%,16.36,16.5,16.26,289100,2025-08-29
DEI,"Douglas Emmett",16.21,0.19,+1.19%,16.05,16.235,16.05,1130400,2025-08-29
DENN,"Dennys Corp",4.57,0.1,+2.24%,4.46,4.61,4.42,605600,2025-08-29
DERM,"Journey Medical Corp",7.21,-0.06,-0.83%,7.27,7.51,7.07,132000,2025-08-29
DFH,"Dream Finders Homes Inc Cl A",27.79,-0.12,-0.43%,27.65,28.21,27.48,232400,2025-08-29
DFIN,"Donnelly Financial Solutions Inc",56.77,0.07,+0.12%,56.45,57.05,56.28,170700,2025-08-29
DGICA,"Donegal Group Cl A",17.89,0.22,+1.25%,17.69,17.91,17.69,112400,2025-08-29
DGII,"Digi Intl Inc",34.72,-0.1,-0.29%,34.99,35.1,34.33,205600,2025-08-29
DH,"DeFinitive Healthcare Corp Cl A",4.03,0.02,+0.50%,4.02,4.03,3.98,140000,2025-08-29
DHC,"Diversified Healthcare Trust",3.81,0.04,+1.06%,3.79,3.83,3.73,381500,2025-08-29
DHIL,"Diamond Hill Inv",145.76,-2.87,-1.93%,147.74,147.74,145.55,26500,2025-08-29
DHT,"Dht Holdings",11.72,-0.01,-0.09%,11.79,11.8,11.595,813700,2025-08-29
DIN,"Dineequity Inc",23.95,0.94,+4.09%,23.13,23.96,23.04,629500,2025-08-29
DIOD,"Diodes Inc",54.44,-1.38,-2.48%,55.73,55.89,54.2,575300,2025-08-29
DJCO,"Daily Journal Corp",467.2,-0.86,-0.18%,460,472.03,460,97100,2025-08-29
DK,"Delek US Holdings",27.71,0.75,+2.78%,27.15,27.78,26.765,1437000,2025-08-29
DLX,"Deluxe Corp",19.66,0.27,+1.39%,19.44,19.73,19.41,237600,2025-08-29
DMAC,"Diamedica Therapeutics Inc",5.71,-0.16,-2.73%,5.84,5.97,5.6,118700,2025-08-29
DMRC,"Digimarc Corp",8.66,0.13,+1.52%,8.45,8.85,8.45,165100,2025-08-29
DNA,"Ginkgo Bioworks Hldgs Inc",12.67,0.5,+4.11%,12.13,13.085,11.9001,2039500,2025-08-29
DNLI,"Denali Therapeutics Inc",15.27,-0.38,-2.43%,15.71,15.85,15.02,1886600,2025-08-29
DNOW,"Dnow Inc",16,-0.2,-1.23%,16.25,16.34,15.9,676500,2025-08-29
DNTH,"Dianthus Therapeutics Inc",23.57,-1.24,-5.00%,24.74,25.22,22.81,345900,2025-08-29
DNUT,"Krispy Kreme Inc",3.55,-0.02,-0.42%,3.56,3.71,3.49,2960800,2025-08-29
DOCN,"Digitalocean Holdings Inc",32.62,-0.74,-2.22%,33.1,33.4985,32.41,1595700,2025-08-29
DOLE,"Dole Plc",14.72,0.15,+1.03%,14.62,14.73,14.45,344300,2025-08-29
DOMO,"Domo Inc Cl B",14.68,-0.64,-4.18%,15.33,15.52,13.88,1555300,2025-08-29
DORM,"Dorman Products Inc",161.79,0.29,+0.18%,162.19,162.19,160.42,138900,2025-08-29
DOUG,"Douglas Elliman Inc",2.72,0.08,+3.03%,2.68,2.76,2.66,509700,2025-08-29
DRH,"Diamondrock Hospitality Company",8.56,-0.02,-0.23%,8.6,8.605,8.45,1782200,2025-08-29
DRUG,"Bright Minds Biosciences Inc",38.88,-3.75,-8.80%,42.44,42.44,38.56,29700,2025-08-29
DRVN,"Driven Brands Holdings Inc",18.42,0.27,+1.49%,18.14,18.46,18.13,540300,2025-08-29
DSGN,"Design Therapeutics Inc",5.53,-0.11,-1.95%,5.65,5.65,5.24,224100,2025-08-29
DSGR,"Distribution Solutions Group Inc",32.21,-0.39,-1.20%,32.6,32.83,32.1,33700,2025-08-29
DSP,"Viant Technology Inc",10.4,0.37,+3.69%,10.16,10.53,10.16,226100,2025-08-29
DVAX,"Dynavax Technologies",10.12,-0.15,-1.46%,10.3,10.3,10.04,1164800,2025-08-29
DX,"Dynex Capital",12.62,0.13,+1.04%,12.49,12.64,12.48,4443800,2025-08-29
DXPE,"Dxp Enterprise",124.88,0.03,+0.02%,124.91,125.13,121.68,141500,2025-08-29
DY,"Dycom Industries",252.47,-4.02,-1.57%,255.91,255.91,250.355,278600,2025-08-29
DYN,"Dyne Therapeutics Inc",13.49,-0.26,-1.89%,13.75,13.87,13.34,1972800,2025-08-29
EAT,"Brinker International",155.98,0.44999999999999,+0.29%,155.14,156.04,151.875,920200,2025-08-29
EB,"Eventbrite Inc",2.65,-0.01,-0.38%,2.67,2.68,2.6,445400,2025-08-29
EBC,"Eastern Bankshares Inc",17.11,0.12,+0.71%,17.02,17.26,16.94,2484900,2025-08-29
EBF,"Ennis Inc",18.27,-0.14,-0.76%,18.45,18.45,18.18,135100,2025-08-29
EBMT,"Eagle Bancorp [Mt]",17.53,0.01,+0.06%,17.56,17.67,17.5,17300,2025-08-29
EBS,"Emergent Biosolutions",8.3,-0.09,-1.07%,8.36,8.4001,8.1617,898700,2025-08-29
ECBK,"ECB Bancorp Inc",17.02,0.12,+0.71%,17.17,17.17,16.82,4900,2025-08-29
ECPG,"Encore Capital Group",41.84,0.42,+1.01%,41.63,42.2,41.18,283500,2025-08-29
ECVT,"Pq Group Holdings Inc",9.09,-0.02,-0.22%,9.16,9.17,9.015,483800,2025-08-29
EDIT,"Editas Medicine",2.57,-0.08,-3.02%,2.65,2.69,2.48,1147200,2025-08-29
EE,"Excelerate Energy Inc Cl A",24.42,-0.39,-1.57%,24.8,24.81,24.34,277000,2025-08-29
EEX,"Emerald Expositions Events Inc",5.15,-0.02,-0.39%,5.21,5.3399,5.1,17200,2025-08-29
EFC,"Ellington Financial Llc",13.64,0.020000000000001,+0.15%,13.63,13.695,13.6,1237500,2025-08-29
EFSC,"Enterprises Finl Svc",61.24,-0.41,-0.67%,61.84,62.3,60.96,157300,2025-08-29
EFSI,"Eagle Financial Services Inc",37.43,0.87,+2.38%,36.74,37.43,36.74,12800,2025-08-29
EGAN,"Egain Corp",6.29,-0.05,-0.79%,6.34,6.36,6.23,12100,2025-08-29
EGBN,"Eagle Bancorp Inc",19.42,0.17,+0.88%,19.32,19.51,19.23,322600,2025-08-29
EGHT,"8X8 Inc",1.98,-0.04,-1.98%,2.01,2.0147,1.965,1009400,2025-08-29
EGY,"Vaalco Energy Inc",3.88,-0.02,-0.51%,3.91,3.96,3.87,541400,2025-08-29
EHAB,"Enhabit Inc",7.88,-0.04,-0.51%,7.92,7.95,7.84,282200,2025-08-29
EHTH,"Ehealth Inc",3.87,-0.02,-0.51%,3.91,3.99,3.81,232700,2025-08-29
EIG,"Employers Holdings Inc",43.26,0.36,+0.84%,43.1,43.3,42.935,144800,2025-08-29
ELDN,"Eledon Pharmaceuticals Inc",2.59,0.02,+0.78%,2.59,2.64,2.54,490600,2025-08-29
ELMD,"Electromed Inc",24.73,0.2,+0.82%,24.66,24.8,24.1701,80000,2025-08-29
ELME,"Elme Communities",17.08,0.049999999999997,+0.29%,17.08,17.14,17,686300,2025-08-29
ELVN,"Enliven Therapeutics Inc",20.27,-0.09,-0.44%,20.46,20.99,19.92,589200,2025-08-29
EMBC,"Embecta Corp",14.48,-0.02,-0.14%,14.25,14.66,14.25,366800,2025-08-29
EML,"Eastern Company",23.76,0.19,+0.81%,23.7,24.15,23.69,10600,2025-08-29
ENOV,"Enovis Corp",30.9,0.31,+1.01%,30.51,30.98,30.32,934300,2025-08-29
ENR,"Energizer Holdings Inc",27.56,0.25,+0.92%,27.35,27.605,27.085,806100,2025-08-29
ENS,"Enersys Inc",102.65,0.40000000000001,+0.39%,102.48,102.74,101.68,374500,2025-08-29
ENSG,"The Ensign Group IN",171.78,-0.82,-0.48%,173.29,173.29,171.07,407200,2025-08-29
ENTA,"Enanta Pharmaceutica",8.4,-0.29,-3.34%,8.69,8.82,8.38,75800,2025-08-29
ENVA,"Enova International Inc",121.3,-0.45,-0.37%,122.04,122.43,120.8,229100,2025-08-29
ENVX,"Enovix Corp",9.62,-0.31,-3.12%,9.85,9.88,9.26,9387399,2025-08-29
ENVXW,"Enovix Corporation WT",0.7543,-0.3757,-33.25%,1,1.08,0.5,2894500,2025-08-29
EOLS,"Evolus Inc",7.63,0.11,+1.46%,7.49,7.66,7.44,472000,2025-08-29
EOSE,"Eos Energy Enterprises Inc",6.9,-0.23,-3.23%,7.13,7.21,6.76,8689400,2025-08-29
EP,"Empire Petroleum Corp",5.05,-0.14,-2.70%,5.2,5.36,4.95,14600,2025-08-29
EPAC,"Actuant Corp",42.34,-0.54,-1.26%,42.94,42.94,42.1,257500,2025-08-29
EPC,"Edgewell Personal Care",24.02,0.39,+1.65%,23.64,24.05,23.595,506300,2025-08-29
EPM,"Evolution Petroleum Corp",5.16,0.03,+0.58%,5.15,5.23,5.15,207300,2025-08-29
EPRT,"Essential Properties Realty Trust Inc",31.32,0.23,+0.74%,31.07,31.34,31.05,1012800,2025-08-29
EPSN,"Epsilon Energy",5.86,-0.01,-0.17%,5.88,5.93,5.84,66100,2025-08-29
EQBK,"Equity Bncsrs Cm A",40.53,-0.14,-0.34%,40.72,40.86,40.46,53000,2025-08-29
ERAS,"Erasca Inc",1.57,0,0.00%,1.59,1.6,1.5497,511200,2025-08-29
ERII,"Energy Recovery Inc",14.21,-0.2,-1.39%,14.42,14.42,14.1,210400,2025-08-29
ESCA,"Escalade Inc",12.6,-0.37,-2.85%,12.99,13.02,12.37,8500,2025-08-29
ESE,"Esco Technologies Inc",200.91,-2.8,-1.37%,204.17,205.31,199.75,427600,2025-08-29
ESNT,"Essent Group Ltd",62.74,0.14,+0.22%,62.64,62.89,62.26,439400,2025-08-29
ESOA,"Energy Services Acquisition Corp",10.19,-0.09,-0.88%,10.29,10.35,10.05,145800,2025-08-29
ESPR,"Esperion Theraptc",2.22,0.01,+0.45%,2.22,2.28,2.09,8189500,2025-08-29
ESQ,"Esquire Financial Holdings Inc",98.1,-2.2,-2.19%,99.98,100.87,97.83,70100,2025-08-29
ESRT,"Empire State Realty Trust Inc",7.65,0.02,+0.26%,7.61,7.71,7.6,1461600,2025-08-29
ETD,"Ethan Allen Interiors Inc",29.51,-0.04,-0.14%,29.63,29.696,29.25,337900,2025-08-29
ETNB,"89Bio Inc",9.03,-0.39,-4.14%,9.42,9.58,8.96,3093800,2025-08-29
ETON,"Eton Pharmaceutcials Inc",17.31,0.03,+0.17%,17.36,17.5,17.06,160300,2025-08-29
EU,"Encore Energy Corp",2.38,0.03,+1.28%,2.41,2.51,2.34,3680000,2025-08-29
EVC,"Entravision Communications Corp",2.59,0.03,+1.17%,2.58,2.6,2.555,131600,2025-08-29
EVCM,"Evercommerce Inc",11.55,0.15,+1.32%,11.44,11.75,11.35,398300,2025-08-29
EVER,"Everquote Inc Cl A",23.25,0.1,+0.43%,23.09,23.45,22.86,977200,2025-08-29
EVEX,"Eve Holding Inc",3.93,-0.03,-0.76%,3.96,4.0392,3.8,909800,2025-08-29
EVGO,"Evgo Inc",3.87,-0.24,-5.84%,4.12,4.12,3.86,4200000,2025-08-29
EVH,"Evolent Health Inc Cl A Com",9.65,0.0099999999999998,+0.10%,9.65,9.84,9.475,1367200,2025-08-29
EVI,"Evi Industries Inc",27.74,-0.01,-0.04%,27.34,27.76,27.32,5500,2025-08-29
EVLV,"Evolv Technologies Hldgs Inc",8.24,-0.12,-1.44%,8.39,8.4,8.02,2871500,2025-08-29
EVTC,"Evertec Inc",35.68,-0.45,-1.25%,36.25,36.305,35.43,452600,2025-08-29
EWCZ,"European Wax Center Cl A",4.29,-0.12,-2.72%,4.37,4.42,4.26,255500,2025-08-29
EWTX,"Edgewise Therapeutics Inc",14.35,-0.3,-2.05%,14.6,14.7,14.12,670500,2025-08-29
EXFY,"Expensify Inc Cl A",1.96,0.01,+0.51%,1.96,1.98,1.91,368700,2025-08-29
EXPI,"eXp World Holdings Inc",10.83,0.11,+1.03%,10.7,10.86,10.62,747200,2025-08-29
EXPO,"Exponent Inc",71.38,-0.85,-1.18%,72.64,73.24,70.98,357500,2025-08-29
EXTR,"Extreme Networks",21.38,-0.7,-3.17%,22.06,22.1,21.25,2289700,2025-08-29
EYE,"National Vision Holdings Inc",22.94,-0.46,-1.97%,23.37,23.42,22.65,2347000,2025-08-29
EYPT,"Eyepoint Pharmaceuticals Inc",11.57,-0.03,-0.26%,11.68,11.79,11.26,491700,2025-08-29
FA,"First Advantage Corp",16.36,0.03,+0.18%,16.48,16.53,16.25,584100,2025-08-29
FATE,"Fate Therapeutics",1.04,-0.04,-3.70%,1.08,1.1,1.03,893500,2025-08-29
FBIZ,"First Business Finan",52.32,-0.06,-0.11%,52.44,52.61,52.1,23100,2025-08-29
FBK,"Fb Financial Corp",53.68,-0.24,-0.45%,54.14,54.51,53.62,288600,2025-08-29
FBLA,"Fb Bancorp Inc",11.98,-0.02,-0.17%,12.03,12.03,11.95,40300,2025-08-29
FBNC,"First Bancorp [Nc]",54.59,0.07,+0.13%,54.47,55.19,54.29,224300,2025-08-29
FBP,"First Bancorp",22.23,0.09,+0.41%,22.22,22.355,22.0892,968000,2025-08-29
FBRT,"Franklin Bsp Realty Trust Inc",11.55,0.19,+1.67%,11.35,11.56,11.34,390900,2025-08-29
FC,"Franklin Covey Company",19.56,-0.12,-0.61%,19.65,19.92,19.09,827400,2025-08-29
FCAP,"First Capital Inc",41.1,1.17,+2.93%,39.97,42.13,39.97,6200,2025-08-29
FCBC,"First Community Bksh",37.98,-0.11,-0.29%,38.22,38.31,37.66,43800,2025-08-29
FCCO,"First Community Corp",27.27,0.07,+0.24%,27.47,27.47,27.1,13300,2025-08-29
FCF,"First Commonwealth Financial Corp",17.75,-0.06,-0.34%,17.86,17.92,17.705,425400,2025-08-29
FCFS,"Firstcash Holdings Inc",147.27,-0.5,-0.34%,148.67,148.74,146.9,354400,2025-08-29
FCPT,"Four Corners Property Trust IN",25.89,0.25,+0.98%,25.68,25.89,25.675,565800,2025-08-29
FDBC,"Fidelity D & D Bancorp Inc",43.65,-0.99,-2.22%,44.7,44.81,43.5,8600,2025-08-29
FDMT,"4D Molecular Therapeutics Inc",6.16,-0.02,-0.32%,6.18,6.27,6.07,342500,2025-08-29
FDP,"Fresh Del Monte Produce",36.28,0.65,+1.82%,35.66,36.325,35.66,282800,2025-08-29
FEIM,"Frequency Elcts Inc",32.25,-0.56,-1.71%,32.81,33.15,31.55,166500,2025-08-29
FELE,"Franklin Electric Company",97.86,-1.06,-1.07%,98.94,99.27,97.47,163600,2025-08-29
FENC,"Fennec Pharmaceuticals Inc",8.87,0,0.00%,8.96,9.02,8.77,31900,2025-08-29
FET,"Forum Energy Technologies Inc",26.45,0.68,+2.64%,25.8,26.52,25.61,110400,2025-08-29
FF,"Futurefuel Corp",3.88,-0.06,-1.52%,3.91,3.95,3.87,99100,2025-08-29
FFAI,"Faraday Future Intelligent Electric Inc",2.23,-0.15,-6.30%,2.37,2.41,2.2,9772899,2025-08-29
FFBC,"First Finl Bncp [Oh]",26.48,-0.05,-0.19%,26.57,26.69,26.45,348900,2025-08-29
FFIC,"Flushing Finl Corp",13.76,0.08,+0.58%,13.73,13.82,13.66,166200,2025-08-29
FFIN,"First Finl Bkshs Inc",37.17,-0.2,-0.54%,37.49,37.7,37.06,448800,2025-08-29
FFWM,"First Foundation",5.95,0.09,+1.54%,5.91,5.98,5.865,637500,2025-08-29
FG,"F&G Annuities & Life Inc",34.57,0.2,+0.58%,34.4,34.74,34.33,97900,2025-08-29
FHTX,"Foghorn Therapeutics Inc",5.06,0.05,+1.00%,5.04,5.11,4.9,77600,2025-08-29
FIBK,"First Interstate Ban",32.72,0.67,+2.09%,32.32,33.01,32.27,1065200,2025-08-29
FIGS,"Figs Inc Cl A",7.05,-0.11,-1.54%,7.13,7.1824,6.975,1156900,2025-08-29
FIHL,"Fidelis Insurance Holdings Limited",17.48,0.19,+1.10%,17.44,17.53,17.35,528600,2025-08-29
FINW,"Finwise Bancorp",19.33,-0.14,-0.72%,19.63,19.7,19.28,7500,2025-08-29
FIP,"Ftai Infrastructure Inc",4.8,-0.03,-0.62%,4.81,4.84,4.69,1827400,2025-08-29
FISI,"Financial Institut",27.67,0.05,+0.18%,27.72,27.84,27.54,64000,2025-08-29
FIVN,"Five9 Inc",26.92,0.23,+0.86%,26.79,27.28,26.66,1894500,2025-08-29
FIZZ,"Natl Beverage Corp",42.05,-0.05,-0.12%,42.16,42.61,42.01,129600,2025-08-29
FL,"Footlocker Inc",24.7,-0.36,-1.44%,25,25.13,24.335,9428200,2025-08-29
FLG,"Flagstar Financial Inc",12.82,0.040000000000001,+0.31%,12.81,12.9212,12.75,3512600,2025-08-29
FLGT,"Fulgent Genetics Inc",22.17,0.14,+0.64%,22.09,22.33,21.83,348500,2025-08-29
FLNC,"Fluence Energy Inc Cl A",7.4,-0.35,-4.52%,7.7,7.85,7.39,2530800,2025-08-29
FLNG,"Flex Lng Ltd",27.25,-0.16,-0.58%,27.41,27.67,27.03,507000,2025-08-29
FLOC,"Flowco Holdings Inc Cl A",16.32,0.16,+0.99%,16.25,16.49,16.19,490100,2025-08-29
FLR,"Fluor Corp",41.02,-0.59,-1.42%,41.55,41.6,40.495,2405100,2025-08-29
FLWS,1-800-Flowers.com,5.6,0,0.00%,5.63,5.63,5.43,235400,2025-08-29
FLXS,"Flexsteel Inds",46.38,-0.28,-0.60%,46.46,46.68,46.05,12300,2025-08-29
FLYW,"Flywire Corp Voting",13.15,-0.01,-0.08%,13.31,13.39,12.98,2418400,2025-08-29
FLYY,"Spirit Aviation Holdings Inc",1.22,-0.03,-2.40%,1.25,1.36,1.21,3840000,2025-08-29
FMAO,"Farmers & Merch Banc",26.46,-0.21,-0.79%,26.85,27.17,25.95,27000,2025-08-29
FMBH,"First Mid Ill Bncshr",40.44,-0.07,-0.17%,40.63,40.85,40.17,55000,2025-08-29
FMNB,"Farmers Natl Banc Corp",15.18,0.02,+0.13%,15.23,15.31,15.11,139500,2025-08-29
FN,Fabrinet,331.29,-23.76,-6.69%,350.22,352.5,327.68,1004400,2025-08-29
FNKO,"Funko Inc Cl A",3.46,-0.05,-1.42%,3.56,3.56,3.43,883200,2025-08-29
FNLC,"First Bancorp Inc",27.18,0.16,+0.59%,27.11,27.27,26.97,22400,2025-08-29
FNWD,"Finward Bancorp",32,0.1,+0.31%,32.08,32.9,31.57,48900,2025-08-29
FOA,"Finance of America Companies Inc Cl A",26.71,0.3,+1.14%,26.48,26.8,26.03,64400,2025-08-29
FOLD,"Amicus Therapeutics",7.59,-0.06,-0.78%,7.67,7.74,7.56,4153600,2025-08-29
FOR,"Forestar Group Inc",27.67,0.040000000000003,+0.14%,27.67,27.93,27.24,142400,2025-08-29
FORM,"Formfactor Inc",29.19,-0.35,-1.18%,29.23,29.47,28.84,478900,2025-08-29
FORR,"Forrester Resrch",9.74,0.08,+0.83%,9.68,9.9,9.65,92300,2025-08-29
FOXF,"Fox Factory Corp",28.93,-0.05,-0.17%,29.13,29.18,28.44,491100,2025-08-29
FPI,"Farmland Partners Inc",11.02,0.0099999999999998,+0.09%,11.03,11.0465,10.97,235700,2025-08-29
FRAF,"Franklin Finl Svcs Corp",46.7,0.04,+0.09%,46.61,47,46.42,17700,2025-08-29
FRBA,"First Bank",16.82,0.06,+0.36%,16.8,16.91,16.73,30700,2025-08-29
FRD,"Friedman Industries Inc",19.09,0.06,+0.32%,19.12,19.12,18.8,18700,2025-08-29
FRGE,"Forge Global Hldgs Inc",18.85,-0.33,-1.72%,19.24,19.24,18.51,61900,2025-08-29
FRME,"First Merchants Corp",41.52,-0.1,-0.24%,41.78,41.92,41.44,183700,2025-08-29
FRPH,"Frp Holdings Inc",25.7,-0.13,-0.50%,25.76,26.01,25.64,27600,2025-08-29
FRSH,"Freshworks Inc Cl A",13.47,-0.06,-0.44%,13.66,13.73,13.44,2205900,2025-08-29
FRST,"Primis Financial Corp",11.45,0.33,+2.97%,11.14,11.5,11.09,117100,2025-08-29
FSBC,"Five Star Bancorp",32.77,-0.04,-0.14%,33,33.1,32.49,35100,2025-08-29
FSBW,"FS Bancorp Inc",42.71,-0.1,-0.23%,42.81,42.81,42.49,15900,2025-08-29
FSFG,"First Savings Financ",27.42,0.21,+0.77%,27.39,27.74,27.12,8500,2025-08-29
FSLY,"Fastly Inc",7.61,-0.11,-1.42%,7.7,7.72,7.525,2568500,2025-08-29
FSP,"Franklin Street Properties",1.66,0,0.00%,1.66,1.67,1.64,116000,2025-08-29
FSS,"Federal Signal Corp",122.99,-3.97,-3.13%,126.57,126.73,122.55,408900,2025-08-29
FSTR,"Foster L B Company",26.03,-0.77,-2.87%,26.03,26.81,25.8,43000,2025-08-29
FSUN,"Firstsun Capital Bancorp",38.01,-0.01,-0.03%,38.05,38.19,36.3,126900,2025-08-29
FTDR,"Frontdoor Inc",60.75,0.37,+0.61%,60.74,60.93,60.13,774700,2025-08-29
FTK,"Flotek Industries",12.09,-0.05,-0.41%,12.27,12.27,12,226000,2025-08-29
FTLF,"Fitlife Brands Inc",18.62,-0.06,-0.32%,18.49,18.8,18.13,11200,2025-08-29
FTRE,"Fortrea Holdings Inc",9.85,0.2,+2.07%,9.77,10.07,9.62,3570000,2025-08-29
FUBO,"Fubo TV",3.53,0.05,+1.44%,3.55,3.81,3.52,18728400,2025-08-29
FUL,"H. B. Fuller Company",61.05,0.079999999999998,+0.13%,61.29,61.39,60.68,281400,2025-08-29
FULC,"Fulcrum Therapeutics Inc",6.48,-0.17,-2.56%,6.71,6.71,6.4,181800,2025-08-29
FULT,"Fulton Financial Cor",19.66,-0.01,-0.05%,19.66,19.83,19.61,1170200,2025-08-29
FUN,"Cedar Fair LP",22.69,-0.48,-2.07%,23.11,23.13,22.57,2933100,2025-08-29
FUNC,"First United Corp",37.37,0.09,+0.25%,37.5,37.95,37.37,14100,2025-08-29
FVCB,"Fvcbankcorp Inc",13.56,0.01,+0.11%,13.59,13.73,13.51,29000,2025-08-29
FVR,"Frontview REIT Inc",13.37,-0.13,-0.96%,13.55,13.615,13.29,162000,2025-08-29
FWRD,"Foward Air Corp",30.03,-0.38,-1.25%,30.3,30.63,29.67,305200,2025-08-29
FWRG,"First Watch Restaurant Group Inc",18.84,0.01,+0.05%,18.97,19.15,18.72,507000,2025-08-29
FXNC,"First Natl Corp Strasburg VA",23.36,-0.01,-0.04%,23.39,23.48,23.22,8900,2025-08-29
GABC,"German Amer Bncp Inc",41.78,-0.18,-0.43%,42.11,42.35,41.72,81600,2025-08-29
GAIA,"Gaiam Inc",5.68,0.03,+0.53%,5.71,5.71,5.55,23200,2025-08-29
GAMB,"Gambling.com Group Ltd",8.73,0.15,+1.75%,8.55,8.79,8.52,596100,2025-08-29
GATX,"GATX Corp",168.31,-1.77,-1.04%,170.75,170.84,167.16,218600,2025-08-29
GBCI,"Glacier Bancorp Inc",49.15,0.36,+0.74%,48.83,49.47,48.815,1043600,2025-08-29
GBFH,"Gbank Finl Hldgs",39.72,-1.27,-3.09%,40.94,41.18,39.45,17900,2025-08-29
GBTG,"Global Business Travel Group Inc",8.34,0.09,+1.09%,8.25,8.385,8.23,883200,2025-08-29
GBX,"Greenbrier Companies",46.63,-0.39,-0.83%,46.96,47.13,46.3484,231200,2025-08-29
GCBC,"Greene County Bncp",23.99,0.19,+0.80%,23.95,24.29,23.95,6600,2025-08-29
GCI,"Gannett Inc",4.11,0.010000000000001,+0.24%,4.1,4.13,4.06,1277100,2025-08-29
GCMG,"Gcm Grosvenor Inc",12.96,-0.07,-0.54%,13.04,13.04,12.92,247800,2025-08-29
GCO,"Genesco Inc",31.98,0.94,+3.03%,31,32.92,30.43,315000,2025-08-29
GCT,"Gigacloud Technology Inc Cl A",26.47,0.35,+1.34%,26.12,26.53,25.83,823700,2025-08-29
GDEN,"Golden Entmt",24.87,-0.38,-1.50%,25.19,25.23,24.7,115700,2025-08-29
GDOT,"Green Dot Corp",13.92,0.38,+2.81%,13.59,13.92,13.41,630100,2025-08-29
GDYN,"Grid Dynamics Holdings Inc",8.29,0.22,+2.73%,8.07,8.32,8.03,1723100,2025-08-29
GEF,"Greif Bros Corp",65.31,-1.69,-2.52%,66.65,67.305,64.76,320700,2025-08-29
GEF.B,"Greif Bros Corp Cl B",68.28,-2.02,-2.87%,69.67,69.77,67.47,7400,2025-08-29
GENC,"Gencor Industries IN",16.26,-0.14,-0.85%,16.47,16.565,15.9861,27300,2025-08-29
GENI,"Genius Sports Ltd",12.79,-0.04,-0.31%,12.81,12.825,12.6307,2176100,2025-08-29
GEO,"Geo Group Inc",20.74,0.14,+0.68%,20.56,20.78,20.37,2518200,2025-08-29
GERN,"Geron Corp",1.4,-0.03,-2.10%,1.44,1.445,1.39,3413000,2025-08-29
GETY,"Getty Images Holdings Inc Cl A",1.84,0.01,+0.55%,1.85,1.88,1.825,359600,2025-08-29
GEVO,"Gevo Inc",1.73,0,0.00%,1.72,1.75,1.67,2765600,2025-08-29
GFF,"Griffon Corp",76.16,-1.37,-1.77%,77.4,77.635,75.2729,360900,2025-08-29
GH,"Guardant Health Inc",67.42,2.95,+4.58%,64.78,67.51,64.67,2864400,2025-08-29
GHC,"Graham Holdings Company",1086.05,-6.92,-0.63%,1091,1091,1076,30700,2025-08-29
GHM,"Graham Corp",49.05,-0.12,-0.24%,49.13,49.249,47.15,89800,2025-08-29
GIC,"Global Industrial Co.",37.33,-0.07,-0.19%,37.47,37.71,36.975,91400,2025-08-29
GIII,"G-III Apparel Gp",27,-0.07,-0.26%,27.03,27.41,26.77,579700,2025-08-29
GKOS,"Glaukos Corp",95.82,-0.74,-0.77%,96.09,97,94.99,488400,2025-08-29
GLDD,"Great Lakes Drg Dock",11.66,-0.28,-2.35%,11.94,11.94,11.61,279000,2025-08-29
GLNG,"Golar Lng Ltd",43.82,-1.05,-2.34%,44.97,45.06,43.67,1029800,2025-08-29
GLRE,"Greenlight Cap. Re.",12.89,-0.23,-1.75%,13.18,13.25,12.87,82700,2025-08-29
GLSI,"Greenwich Lifesciences Inc",11.48,0.02,+0.17%,11.56,11.91,11.35,25700,2025-08-29
GLUE,"Monte Rosa Therapeutics Inc",4.8,-0.03,-0.62%,4.85,4.89,4.74,480900,2025-08-29
GMGI,"Golden Matrix Group Inc",1.23,-0.02,-1.60%,1.2,1.25,1.1813,299300,2025-08-29
GMRE,"Global Medical REIT Inc",7.5,0.12,+1.63%,7.37,7.5,7.3301,553600,2025-08-29
GMS,"Gms Inc",109.93,0.080000000000013,+0.07%,109.95,109.96,109.93,1034500,2025-08-29
GNE,"Genie Energy Ltd Cl B",15.3,0.22,+1.46%,15.06,15.355,15.03,150600,2025-08-29
GNK,"Genco Shipping & Trading Ltd",16.84,-0.27,-1.58%,17.05,17.1299,16.72,507200,2025-08-29
GNL,"Global Net Lease Inc",7.87,0.1,+1.29%,7.77,7.9,7.76,1163600,2025-08-29
GNTY,"Guaranty Bancshares Inc",49.14,0.42,+0.86%,48.98,49.365,48.91,50300,2025-08-29
GNW,"Genworth Financial Inc",8.57,-0.01,-0.12%,8.61,8.66,8.55,2956400,2025-08-29
GO,"Grocery Outlet Holding Corp",18.11,0.03,+0.17%,18.22,18.48,18.09,2473300,2025-08-29
GOCO,"Gohealth Inc Cl A",5.11,0.03,+0.49%,5.13,5.28,5.08,43700,2025-08-29
GOGO,"Gogo Inc",10.98,0.01,+0.09%,10.95,11.19,10.9,1387500,2025-08-29
GOLF,"Acushnet Holdings Corp",76.65,-0.3,-0.39%,77.23,77.98,75.65,1047900,2025-08-29
GOOD,"Gladstone Comml",13.45,0.15,+1.13%,13.31,13.46,13.24,274000,2025-08-29
GOSS,"Gossamer Bio Inc",2.47,0.07,+2.92%,2.41,2.5,2.38,2537600,2025-08-29
GPI,"Group 1 Automotive",464.78,-12.9,-2.70%,481.46,482.11,462.47,101800,2025-08-29
GPOR,"Gulfport Energy Corp",174.03,-2.51,-1.42%,175.76,176.02,173.655,233200,2025-08-29
GPRE,"Green Plains Inc",11.11,0.01,+0.09%,11.06,11.24,10.85,2692400,2025-08-29
GRAL,"Grail Inc",32.79,-1.32,-3.87%,33.92,33.98,32.05,694100,2025-08-29
GRBK,"Green Brick Partners",69.84,-0.03,-0.04%,70,70.165,69.13,161500,2025-08-29
GRC,"Gorman-Rupp Company",42.77,0.020000000000003,+0.05%,42.94,43.115,42.31,64100,2025-08-29
GRDN,"Guardian Pharmacy Services Inc Cl A",26.42,0.27,+1.03%,26.33,26.7,25.985,373700,2025-08-29
GRND,"Grindr Inc",15.64,-0.06,-0.38%,15.66,15.72,15.46,1348200,2025-08-29
GRNT,"Granite Ridge Resources Inc",5.56,0.0099999999999998,+0.18%,5.53,5.605,5.51,482200,2025-08-29
GRPN,"Groupon Cl A",26.1,-0.29,-1.10%,26.4,26.55,25.99,1118000,2025-08-29
GSAT,Globalstar,29.93,1.19,+4.14%,28.7,30.1,28.15,942100,2025-08-29
GSBC,"Great Southern Bncp",63.29,-0.19,-0.30%,63.74,63.78,63.29,21900,2025-08-29
GSHD,"Goosehead Insurance Inc Cl A",84.71,-1.73,-2.00%,87.19,87.24,84.47,246100,2025-08-29
GSM,"Ferroglobe Plc Os",4.18,0.05,+1.21%,4.17,4.28,4.14,895000,2025-08-29
GT,"Goodyear Tire Rubber",8.48,-0.04,-0.47%,8.5,8.56,8.42,5309600,2025-08-29
GTLS,"Chart Industries IN",199.36,0.78,+0.39%,198.44,199.3847,198.38,1680700,2025-08-29
GTN,"Gray Media Inc",6.13,0.04,+0.66%,6.06,6.17,6.0032,873800,2025-08-29
GTX,"Garrett Motion Inc",12.99,-0.06,-0.46%,13.07,13.14,12.75,2038600,2025-08-29
GTY,"Getty Realty Corp",28.59,0.17,+0.60%,28.51,28.62,28.48,274200,2025-08-29
GVA,"Granite Construction Incorporated",107.75,-2.17,-1.97%,109.55,109.55,107.25,497900,2025-08-29
GWRS,"Global Water Reso",9.66,-0.05,-0.51%,9.78,9.83,9.65,25300,2025-08-29
GYRE,"Gyre Therapeutics Inc",7.74,-0.54,-6.52%,8.38,8.4,7.71,76300,2025-08-29
HAE,"Haemonetics Corp",54.54,0.2,+0.37%,54.29,55.1202,54.02,826500,2025-08-29
HAFC,"Hanmi Financial Corp",25.16,-0.12,-0.47%,25.4,25.51,25.11,363100,2025-08-29
HAIN,"Hain Celestial Group",1.8,0.02,+1.12%,1.77,1.8399,1.77,848700,2025-08-29
HASI,"Ha Sustainable Infrastructure Capital Inc",28.24,0.29,+1.04%,28.05,28.24,27.81,873500,2025-08-29
HBB,"Hamilton Beach Brands Holding Cl A",14.74,0.17,+1.17%,14.57,14.9,14.47,18400,2025-08-29
HBCP,"Home Bancorp Inc",56.26,-0.44,-0.77%,56.7,56.89,56.2,25600,2025-08-29
HBI,"Hanesbrands Inc",6.31,-0.02,-0.32%,6.31,6.341,6.28,4226700,2025-08-29
HBNC,"Horizon Bancorp",16.86,-0.02,-0.12%,16.85,16.92,16.72,363000,2025-08-29
HBT,"Hbt Financial Inc",26.49,-0.1,-0.38%,26.76,27.02,26.41,19600,2025-08-29
HCAT,"Health Catalyst Inc",3.39,-0.26,-7.12%,3.64,3.66,3.29,985700,2025-08-29
HCC,"Warrior Met Coal Inc",61.14,2.29,+3.89%,58.85,61.35,58.85,617300,2025-08-29
HCI,"HCI Group",166.71,2.21,+1.34%,164.82,166.99,162.12,123300,2025-08-29
HCKT,"Hackett Grp Inc",20.82,0.17,+0.82%,20.67,20.9,20.49,206300,2025-08-29
HCSG,"Healthcare Svcs Gp",15.61,-0.06,-0.38%,15.7,15.84,15.54,455300,2025-08-29
HDSN,"Hudson Tech Inc",10.16,-0.12,-1.17%,10.26,10.27,10,314400,2025-08-29
HE,"Hawaiian Electric Industries",12.96,0.07,+0.54%,12.94,13.41,12.865,4753100,2025-08-29
HELE,"Helen of Troy Ltd",24.55,0.24,+0.99%,24.36,24.81,24.13,381900,2025-08-29
HFFG,"HF Foods Group Inc",3.28,-0.11,-3.24%,3.4,3.4,3.26,39500,2025-08-29
HFWA,"Heritage Financial",24.44,-0.09,-0.37%,24.62,24.75,24.38,122800,2025-08-29
HG,"Hamilton Insurance Group Ltd Cl B",23.84,-0.12,-0.50%,23.94,24.15,23.71,412600,2025-08-29
HGV,"Hilton Grand Vacations Inc",47.52,-0.22,-0.46%,47.83,47.875,47.06,979900,2025-08-29
HI,"Hillenbrand Inc",25.39,-0.49,-1.89%,25.97,26.13,25.15,348500,2025-08-29
HIFS,"Hingham Inst For Svg",284.14,-4.21,-1.46%,288.3,290.58,282.82,38300,2025-08-29
HIMS,"Hims & Hers Health Inc",42.35,-1.77,-4.01%,44.2,44.49,42.21,16151100,2025-08-29
HIPO,"Hippo Holdings Inc",33.81,0.43,+1.29%,33.47,33.93,33,144200,2025-08-29
HL,"Hecla Mining Company",8.51,0.44,+5.45%,8.08,8.54,8.075,20319300,2025-08-29
HLF,"Herbalife Ltd",9.78,0.61,+6.65%,9.29,10.0757,9.21,3073400,2025-08-29
HLIO,"Helios Technologies Inc",54.24,-0.67,-1.22%,54.9,55.39,53.855,217900,2025-08-29
HLIT,"Harmonic Inc",9.62,-0.1,-1.03%,9.71,9.81,9.52,668000,2025-08-29
HLLY,"Holley Inc",4.07,0.04,+0.99%,4.05,4.095,4.005,441100,2025-08-29
HLMN,"Hillman Solutions Corp",9.88,-0.09,-0.90%,10.08,10.08,9.88,787200,2025-08-29
HLX,"Helix Energy Solutions Group",6.59,0.0099999999999998,+0.15%,6.58,6.655,6.55,981600,2025-08-29
HMN,"Horace Mann Educators Corp",45.98,0.2,+0.44%,45.97,46.15,45.39,220800,2025-08-29
HMST,"Homestreet Inc",13.87,0.25,+1.84%,13.53,13.95,13.41,292800,2025-08-29
HNI,"Hon Industries Inc",44.94,-0.08,-0.18%,45.14,45.41,44.7,424800,2025-08-29
HNRG,"Hallador Energy Company",16.31,-0.07,-0.43%,16.49,16.74,16.25,489200,2025-08-29
HNST,"The Honest Company",3.96,0,0.00%,4,4.05,3.93,1819300,2025-08-29
HNVR,"Hanover Bancorp Inc",22.55,0.02,+0.09%,22.45,22.94,22.35,26200,2025-08-29
HOMB,"Home Bancshares Inc",29.76,-0.01,-0.03%,29.79,29.97,29.62,880700,2025-08-29
HONE,"Harborone Bancorp Inc",12.86,0.07,+0.55%,12.8,12.95,12.75,215800,2025-08-29
HOPE,"Hope Bancorp Inc",11.13,-0.06,-0.54%,11.19,11.29,11.12,504100,2025-08-29
HOUS,"Anywhere Real Estate Inc",6.11,-0.12,-1.93%,6.29,6.335,6.05,892000,2025-08-29
HOV,"Hovnanian Enterprises Inc",140.36,1.09,+0.78%,138.6,140.36,136.6756,76200,2025-08-29
HP,"Helmerich & Payne",20.89,0.67,+3.31%,20.44,21.08,20.2501,2134000,2025-08-29
HPK,"Highpeak Energy Inc",7.7,-0.06,-0.77%,7.74,7.89,7.58,366800,2025-08-29
HPP,"Hudson Pacific Properties",2.81,-0.01,-0.35%,2.83,2.835,2.75,3838500,2025-08-29
HQI,"Hirequest Inc",9.76,0.19,+1.99%,9.79,9.79,9.64,3400,2025-08-29
HQY,Healthequity,89.33,1.04,+1.18%,88.24,89.5,87.93,1520000,2025-08-29
HRI,"Herc Holdings Inc",130.79,-1.9,-1.43%,132.2,132.935,130.19,280900,2025-08-29
HRMY,"Harmony Biosciences Holdings Inc",36.89,-1.08,-2.84%,38,38.1,36.5,474500,2025-08-29
HROW,"Harrow Inc",39,0.01,+0.03%,39.44,39.7,38.33,349300,2025-08-29
HRTG,"Heritage Insurance Holdings",22.77,0.3,+1.34%,22.55,22.78,22.28,480600,2025-08-29
HRTX,"Heron Therapeutics",1.35,-0.04,-2.88%,1.4,1.42,1.34,1144500,2025-08-29
HSHP,"Himalaya Shipping Ltd",7.57,-0.07,-0.92%,7.63,7.64,7.55,90500,2025-08-29
HSII,"Heidrick & Struggl",50.81,0.16,+0.32%,50.8,51.13,50.29,162400,2025-08-29
HSTM,"Healthstream Inc",28.08,0,0.00%,28.16,28.21,28,151700,2025-08-29
HTB,"Hometrust Bancshares Inc",41.36,-0.07,-0.17%,41.64,41.715,41.05,26600,2025-08-29
HTBK,"Heritage Commerce",10.33,-0.03,-0.29%,10.4,10.45,10.3,335700,2025-08-29
HTH,"Hilltop Holdings Inc",35.08,-0.12,-0.34%,35.38,35.63,35.05,637400,2025-08-29
HTLD,"Heartland Express",8.59,0.01,+0.12%,8.61,8.66,8.55,355400,2025-08-29
HTO,"H2O America",50.37,0.46,+0.92%,49.91,50.66,49.91,367000,2025-08-29
HTZ,"Hertz Global Holdings Inc",5.73,0,0.00%,5.71,5.91,5.66,4274500,2025-08-29
HUBG,"Hub Group Inc A",37.42,0.11,+0.29%,37.47,37.78,37.01,722800,2025-08-29
HUMA,"Humacyte Inc",1.55,-0.03,-1.90%,1.61,1.62,1.5,2436500,2025-08-29
HURA,"Tuhura Biosciences Inc",2.7,-0.11,-3.91%,2.81,2.82,2.69,220400,2025-08-29
HURN,"Huron Consulting",136.96,1.62,+1.20%,135.29,137.71,135.29,192700,2025-08-29
HUT,"Hut 8 Corp",26.73,0.22,+0.83%,26.41,27.08,26.05,4096700,2025-08-29
HVT,"Haverty Furniture Companies",22.55,0.030000000000001,+0.13%,22.61,22.64,22.3316,110200,2025-08-29
HWBK,"Hawthorn Bancshares",33.43,0.08,+0.24%,33.43,33.67,33.21,4100,2025-08-29
HWC,"Hancock Whitney Corp",62.92,-0.2,-0.32%,63.32,63.67,62.81,421200,2025-08-29
HWKN,"Hawkins Inc",167.33,-2.49,-1.47%,170.76,170.76,166.18,95700,2025-08-29
HY,"Hyster-Yale Inc",37.5,-0.59,-1.55%,38.12,38.21,37.25,72000,2025-08-29
HYLN,"Hyliion Hldg Corp Cl A",1.68,-0.04,-2.33%,1.73,1.74,1.64,753200,2025-08-29
HZO,"Marinemax Inc",26.35,-0.86,-3.16%,27.57,27.57,26.31,242700,2025-08-29
IART,"Integra Lifesciences",15.13,0.29,+1.95%,14.9,15.42,14.82,1189400,2025-08-29
IAS,"Integral Ad Science Holding Corp",8.99,-0.15,-1.64%,9.11,9.14,8.9,765300,2025-08-29
IBCP,"Independent Bank Corp",32.89,-0.08,-0.24%,33.06,33.27,32.86,163700,2025-08-29
IBEX,"Ibex Ltd",29.53,0,0.00%,29.67,29.92,29.36,103400,2025-08-29
IBOC,"Intl Bancshares",71.54,-0.19,-0.26%,71.79,72.17,71.33,261700,2025-08-29
IBP,"Installed Building Products",261.82,-1.57,-0.60%,264.06,264.06,259.16,244900,2025-08-29
IBRX,"Immunitybio Inc",2.34,0.01,+0.43%,2.34,2.4,2.29,5643500,2025-08-29
IBTA,"Ibotta Inc Cl A",26.94,1.47,+5.77%,25.49,26.97,25.49,422700,2025-08-29
ICFI,"Icf International",98.22,-0.24,-0.24%,98.87,99.6,97.86,72800,2025-08-29
ICHR,"Ichor Holdings Ltd",16.85,-0.73,-4.15%,17.39,17.41,16.43,775600,2025-08-29
ICUI,"I C U Medical Inc",127.66,0.62,+0.49%,127.38,127.96,125.13,229400,2025-08-29
IDCC,"Interdigital Inc",271.71,-1.8,-0.66%,273.12,275,268.32,400100,2025-08-29
IDR,"Idaho Strategic Resources",28.14,0.23,+0.82%,28.5,28.89,27.2,600400,2025-08-29
IDT,"IDT Corp",64.07,-0.7,-1.08%,64.72,65.03,63.795,176600,2025-08-29
IDYA,"Ideaya Biosciences Inc",24.55,-0.38,-1.52%,25,25.15,24.04,632800,2025-08-29
IE,"Ivanhoe Electric Inc",8.92,0.029999999999999,+0.34%,8.81,9.02,8.73,872500,2025-08-29
IESC,"Ies Holdings",349.31,-13.02,-3.59%,359.59,364,344.43,188200,2025-08-29
IHRT,"Iheartmedia Inc",2.13,-0.08,-3.62%,2.22,2.23,2.1,308200,2025-08-29
III,"Information Svcs Group",5.17,0.05,+0.98%,5.12,5.19,5.08,161700,2025-08-29
IIIN,"Insteel Industries",38.38,-0.27,-0.70%,38.98,38.98,38.09,73900,2025-08-29
IIIV,"I3 Verticals Inc Cl A",31.45,0.07,+0.22%,31.37,32,31.29,206900,2025-08-29
IIPR,"Innovative Industrial Properties",56.66,0.36,+0.64%,56.26,56.67,55.62,238200,2025-08-29
IKT,"Inhibikase Therapeutics Inc",1.8,-0.04,-2.17%,1.85,1.85,1.78,71000,2025-08-29
ILLR,"Triller Group Inc",0.4885,0.0126,+2.65%,0.4958,0.4958,0.4653,270100,2025-08-29
ILPT,"Industrial Logistics Properties Trust",6.16,0.12,+1.99%,6.09,6.32,5.97,647700,2025-08-29
IMAX,"Imax Corp",28.56,-0.16,-0.56%,28.58,28.85,28.14,1024900,2025-08-29
IMKTA,"Ingles Markets Inc",67.69,0.07,+0.10%,67.64,68.66,67.52,113400,2025-08-29
IMMR,"Immersion Corp",7.06,0.05,+0.71%,7.01,7.09,6.99,269800,2025-08-29
IMNM,"Immunome Inc",9.51,-0.39,-3.94%,9.89,9.99,9.41,684000,2025-08-29
IMVT,"Immunovant Inc",14.69,-0.13,-0.88%,14.82,14.93,14.47,805600,2025-08-29
IMXI,"International Money Express Inc",14.5,0,0.00%,14.51,14.55,14.44,248400,2025-08-29
INBK,"First Internet Bcp",25.11,-0.18,-0.69%,25.38,25.88,25.06,20800,2025-08-29
INBX,"Inhibrx Biosciences Inc",28.2,0.32,+1.15%,27.95,28.29,27.59,77000,2025-08-29
INDB,"Independent Bk Corp",71.51,-0.18,-0.25%,71.83,72.35,71.43,210700,2025-08-29
INDI,"Indie Semiconductor Cl A",4.53,-0.19,-4.03%,4.69,4.76,4.49,3020400,2025-08-29
INDV,"Indivior Plc",24.28,0.4,+1.68%,23.89,24.3,23.59,1740800,2025-08-29
INGN,"Inogen Inc",7.99,0.03,+0.38%,8.01,8.04,7.8,167300,2025-08-29
INMB,"Inmune Bio Inc",2.03,-0.06,-2.87%,2.08,2.09,2.03,541300,2025-08-29
INN,"Summit Hotel Properties",5.48,0.04,+0.74%,5.43,5.485,5.355,694000,2025-08-29
INNV,"Innovage Holding Corp",3.83,0,0.00%,3.88,3.94,3.7,9900,2025-08-29
INOD,"Innodata Inc",37.98,-1.53,-3.87%,39.42,39.51,37.64,1319000,2025-08-29
INR,"Infinity Natural Resources Inc Cl A",14.9,0.1,+0.68%,14.78,15.13,14.77,300500,2025-08-29
INSE,"Inspired Entertainment Inc",9.3,-0.43,-4.42%,9.65,9.91,9.22,89900,2025-08-29
INSG,"Inseego Corp",12.33,0.05,+0.41%,12.12,12.57,11.88,202100,2025-08-29
INSW,"International Seaways Inc",45.42,0.19,+0.42%,45.31,45.52,44.48,715100,2025-08-29
INTA,"Intapp Inc",45.99,-0.43,-0.93%,46.48,46.74,45.59,621600,2025-08-29
INVA,"Innoviva Inc",20.43,0.4,+2.00%,20.03,20.48,19.87,650800,2025-08-29
INVX,"Innovex International Inc",17.26,0.030000000000001,+0.17%,17.28,17.38,17.06,259300,2025-08-29
IONQ,"Ionq Inc",42.74,-0.56,-1.29%,42.55,43.27,41.81,11540500,2025-08-29
IOSP,"Innospec Inc",87.59,0,0.00%,88,88.62,87.3,124700,2025-08-29
IOVA,"Iovance Biotherapeutics Inc",2.23,0,0.00%,2.23,2.26,2.18,7044100,2025-08-29
IPAR,"Interparfums Inc",114.94,-1.59,-1.36%,116.43,117.22,114.46,128200,2025-08-29
IPI,"Intrepid Potash Inc",30.43,-1.25,-3.95%,31.56,31.59,30.09,146500,2025-08-29
IRMD,"Iradimed Corp",72.44,-0.58,-0.79%,73.42,73.42,71.5,23700,2025-08-29
IRON,"Disc Medicine Inc",59.65,-0.01,-0.03%,59.85,60.68,59.14,214700,2025-08-29
IRT,"Independence Realty Trust Inc",18.11,0.24,+1.34%,17.86,18.12,17.83,2085500,2025-08-29
IRTC,"Irhythm Technologies Inc",169.98,-1.49,-0.87%,172.4,172.4,168.95,193600,2025-08-29
IRWD,"Ironwood Pharmaceuti",1.32,0,0.00%,1.32,1.3384,1.3,548500,2025-08-29
ISPR,"Ispire Technology Inc",3.18,-0.06,-1.85%,3.28,3.84,2.94,271900,2025-08-29
ISTR,"Investar Holding",23.44,-0.17,-0.72%,23.6,23.61,23.33,35000,2025-08-29
ITGR,"Integer Holdings Corp",107.87,0.49000000000001,+0.46%,107.29,108.11,106.72,166000,2025-08-29
ITIC,"Investors Title Company",248.26,2.12,+0.86%,247.45,249.2,246.7,17900,2025-08-29
ITOS,"Iteos Therapeutics Inc",10.15,0.02,+0.20%,10.14,10.17,10.14,11006800,2025-08-29
ITRI,"Itron Inc",122.94,-0.54,-0.44%,124.17,124.17,121.14,650600,2025-08-29
IVR,"Invesco Mortgage Capital Inc",7.82,0.06,+0.77%,7.77,7.83,7.75,1266300,2025-08-29
IVT,"Inventrust Pptys Corp",29.77,-0.02,-0.07%,29.87,30.025,29.545,398800,2025-08-29
JACK,"Jack IN The Box Inc",19.3,0.56,+2.99%,18.84,19.56,18.77,702700,2025-08-29
JAKK,"Jakks Pacific Inc",17.77,-0.35,-1.93%,17.86,17.95,17.66,52400,2025-08-29
JAMF,"Jamf Holding Corp",9.32,0.05,+0.54%,9.25,9.36,9.2,1173400,2025-08-29
JANX,"Janux Therapeutics Inc",22.72,-0.33,-1.43%,23.1,23.63,22.46,456300,2025-08-29
JBGS,"Jbg Smith Properties",21.44,0.25,+1.18%,21.21,21.45,20.99,678700,2025-08-29
JBI,"Janus International Group Inc",10.35,-0.06,-0.58%,10.45,10.4822,10.265,498200,2025-08-29
JBIO,"Jade Biosciences Inc",7.9,-0.18,-2.23%,8.12,8.12,7.79,47900,2025-08-29
JBLU,"Jetblue Airways Corp",5.35,0.12,+2.29%,5.22,5.36,5.19,8893000,2025-08-29
JBSS,"John B Sanfilippo",64.9,0.31,+0.48%,64.59,65.15,64.52,73300,2025-08-29
JBTM,"Jbt Marel Corporation",143.29,-0.77,-0.53%,144.7,144.7,142.25,273500,2025-08-29
JELD,"Jeld-Wen Holding Inc",6.39,0.34,+5.62%,6.15,6.415,6.02,4123500,2025-08-29
JILL,"J. Jill Inc",16.76,-0.3,-1.76%,17.14,17.54,16.56,78200,2025-08-29
JJSF,"J J Snack Foods",111.57,-0.09,-0.08%,111.41,112.78,111.41,91800,2025-08-29
JMSB,"John Marshall Bk Fal",19.81,-0.18,-0.90%,20.01,20.1,19.8,6800,2025-08-29
JOBY,"Joby Aviation Inc",14.15,-0.12,-0.84%,14.32,14.3698,13.66,26103800,2025-08-29
JOE,"St. Joe Company",50.46,-0.2,-0.39%,50.68,50.895,50.3524,164100,2025-08-29
JOUT,"Johnson Outdoors",40.32,-0.26,-0.64%,40.58,40.82,39.71,46700,2025-08-29
JRVR,"James River Gp HD",5.62,0,0.00%,5.59,5.72,5.55,303200,2025-08-29
JXN,"Jackson Financial Inc Cl A",98.8,0.56,+0.57%,98.54,99.5,98.245,395800,2025-08-29
JYNT,"The Joint Corp",10.74,0.07,+0.66%,10.7,10.76,10.6,49800,2025-08-29
KAI,"Kadant Inc",323.28,-6.91,-2.09%,328.96,330.1,322.53,91200,2025-08-29
KALU,"Kaiser Aluminum",77.87,-0.63,-0.80%,78.5,78.71,77.53,64000,2025-08-29
KALV,"Kalvista Pharmaceuticals Inc",13.46,-0.05,-0.37%,13.5,13.78,13.23,436400,2025-08-29
KAR,"Openlane Inc",28.92,0.010000000000002,+0.03%,28.96,29.02,28.68,864700,2025-08-29
KBH,"KB Home",63.55,0.099999999999994,+0.16%,63.5,63.8525,62.87,666100,2025-08-29
KE,"Kimball Electrnc",28.87,0.01,+0.03%,28.8,29.01,28.61,187300,2025-08-29
KELYA,"Kelly Svcs Cl A",14.23,0.13,+0.92%,14.09,14.41,14.09,174200,2025-08-29
KFRC,"Kforce Inc",32.6,0.079999999999998,+0.25%,32.83,33.03,32.42,246200,2025-08-29
KFS,"Kingsway Financial Services",14.35,-0.12,-0.83%,14.5,14.5,14.28,43200,2025-08-29
KFY,"Korn/Ferry International",74.14,-0.73,-0.98%,75,75.75,74.03,335500,2025-08-29
KG,"Kestrel Group Ltd",26.95,-0.59,-2.14%,27.64,27.74,26,9200,2025-08-29
KGEI,"Kolibri Global Energy Inc",5.64,0.01,+0.18%,5.65,5.65,5.55,39500,2025-08-29
KGS,"Kodiak Gas Services Inc",35.79,-0.15,-0.42%,36.1,36.25,35.69,716300,2025-08-29
KIDS,"Orthopediatrics Corp",21.36,-0.08,-0.37%,21.44,21.56,20.94,89500,2025-08-29
KINS,"Kingstone Cos Inc",13.46,-0.22,-1.61%,13.75,13.75,13.35,115400,2025-08-29
KLC,"Kindercare Learning Companies Inc",7.19,0.050000000000001,+0.70%,7.14,7.26,7.09,466100,2025-08-29
KLG,"Wk Kellogg CO",22.92,0.065000000000001,+0.28%,22.96,23.03,22.89,1341800,2025-08-29
KLIC,"Kulicke and Soffa",37.5,-0.3,-0.79%,37.47,37.93,37.08,610300,2025-08-29
KLTR,"Kaltura Inc",1.59,-0.02,-1.24%,1.6,1.67,1.58,227200,2025-08-29
KMT,"Kennametal Inc",21.43,-0.24,-1.11%,21.64,21.75,21.3,755800,2025-08-29
KMTS,"Kestra Medical Technologies Ltd",16.14,-1.57,-8.87%,17.88,18.24,15.98,296000,2025-08-29
KN,"Knowles Corp",21.35,-0.37,-1.70%,21.72,21.72,21.25,398800,2025-08-29
KNF,"Knife River Holding CO",81,0.11,+0.14%,80.96,82.33,80.4175,795600,2025-08-29
KNTK,"Kinetik Holdings Inc",41.83,-0.94,-2.20%,42.65,42.965,41.44,7594600,2025-08-29
KOD,"Kodiak Sciences Inc",9.04,0.07,+0.78%,9,9.08,8.64,607700,2025-08-29
KODK,"Eastman Kodak",5.9,0.11,+1.90%,5.79,5.99,5.745,1116400,2025-08-29
KOP,"Koppers Holdings Inc",28.98,0.050000000000001,+0.17%,29.04,29.16,28.645,135600,2025-08-29
KOPN,"Kopin Corp",2.1,-0.08,-3.67%,2.19,2.19,2.06,2021100,2025-08-29
KOS,"Kosmos Energy Ltd",1.79,-0.04,-2.19%,1.83,1.86,1.78,4469100,2025-08-29
KREF,"KKR Real Estate Finance Trust Inc",9.63,0.13,+1.37%,9.5,9.64,9.48,353700,2025-08-29
KRG,"Kite Realty Group Trust",22.82,0.23,+1.02%,22.65,22.84,22.45,1980900,2025-08-29
KRMD,"Koru Medical Systems Inc",4.22,-0.01,-0.24%,4.24,4.27,4.18,89900,2025-08-29
KRNY,"Kearny Financial",6.75,0.17,+2.58%,6.6,6.88,6.6,568400,2025-08-29
KRO,"Kronos Worldwide Inc",6.38,0.2,+3.24%,6.21,6.4928,6.21,374400,2025-08-29
KROS,"Keros Therapeutics Inc",15.21,-0.04,-0.26%,15.33,15.38,14.98,586000,2025-08-29
KRRO,"Korro Bio Inc",23.08,-0.59,-2.49%,23.8,24.69,22.68,189900,2025-08-29
KRT,"Karat Packaging Inc",25.28,-0.36,-1.40%,25.45,25.52,25.13,47300,2025-08-29
KRUS,"Kura Sushi USA Inc Cl A",84.81,1.75,+2.10%,82.87,85,81.33,186800,2025-08-29
KRYS,"Krystal Biotech Inc",147.7,-3.06,-2.03%,150.8,151.13,147.56,257800,2025-08-29
KSS,"Kohl's Corp",15.06,-0.31,-2.02%,15.37,15.66,15.06,5707000,2025-08-29
KTB,"Kontoor Brands Inc",77.25,0.52,+0.68%,76.67,77.5,76.19,909900,2025-08-29
KTOS,"Kratos Defns",65.84,-2.67,-3.90%,68.49,68.49,65.64,2395800,2025-08-29
KULR,"Kulr Technology Group Inc",4.7,-0.16,-3.29%,4.86,4.86,4.67,1032300,2025-08-29
KURA,"Kura Oncology",7.9,-0.17,-2.11%,8.13,8.15,7.65,1676300,2025-08-29
KW,"Kennedy-Wilson Holdings Inc",8.8,0.010000000000002,+0.11%,8.82,8.835,8.69,714600,2025-08-29
KWR,"Quaker Chemical Corp",145.07,-0.29,-0.20%,146.09,146.59,143.83,219500,2025-08-29
KYMR,"Kymera Therapeutics Inc",41.2,-0.55,-1.32%,41.85,42.35,40.99,596200,2025-08-29
LAB,"Standard Biotools Inc",1.26,-0.03,-2.33%,1.31,1.31,1.24,583500,2025-08-29
"Downloaded from Barchart.com as of 08-30-2025 08:56am CDT"
